{"stats":{"minecraft:killed":{"minecraft:skeleton":59,"minecraft:zombie":31,"mutantmonsters:mutant_creeper":1,"minecraft:cow":7,"minecraft:horse":3,"alexsmobs:gelada_monkey":2,"mutantmonsters:creeper_minion":1,"minecraft:witch":3,"minecraft:spider":4,"minecraft:piglin":5,"minecraft:pig":1,"minecraft:creeper":13,"minecraft:sheep":5,"minecraft:ghast":1,"minecraft:phantom":6,"alexsmobs:bison":1,"mutantmonsters:mutant_zombie":1,"minecraft:wither_skeleton":1},"minecraft:dropped":{"minecraft:iron_sword":2,"minecraft:oak_pressure_plate":1,"minecraft:cooked_beef":2,"minecraft:cracked_stone_bricks":3,"minecraft:rail":12,"minecraft:dirt":97,"minecraft:yellow_dye":2,"create:scorchia":1,"create:cut_calcite_bricks":1,"create:goggles":1,"minecraft:iron_pickaxe":1,"minecraft:white_wool":2,"minecraft:bone":4,"minecraft:polished_andesite_slab":1,"minecraft:iron_nugget":1,"minecraft:rotten_flesh":8,"minecraft:oak_planks":53,"minecraft:quartz_block":8,"create:limestone":2,"minecraft:glass":3,"tacz:attachment":2,"minecraft:iron_ingot":19,"minecraft:wheat_seeds":33,"farmersdelight:skillet":1,"minecraft:dripstone_block":3,"minecraft:oak_fence":6,"minecraft:iron_helmet":1,"minecraft:cobblestone":8,"minecraft:apple":5,"minecraft:chainmail_helmet":1,"skilltree:gem":70,"minecraft:chainmail_leggings":3,"minecraft:string":2,"minecraft:spruce_sapling":3,"minecraft:cobblestone_wall":7,"minecraft:iron_boots":1,"minecraft:white_terracotta":4,"minecraft:nether_bricks":1,"minecraft:shears":2,"minecraft:pumpkin_seeds":3,"create:polished_cut_calcite_slab":3,"minecraft:cobblestone_slab":7,"minecraft:flower_pot":2,"create:zinc_ingot":15,"minecraft:diamond_pickaxe":1,"minecraft:stone_bricks":7,"tacz:ammo":78,"minecraft:red_sand":10,"minecraft:bow":3,"skilltree:golden_ring":1,"minecraft:black_wool":1,"minecraft:oak_log":14,"travelersbackpack:standard":2,"minecraft:cyan_terracotta":8,"tombstone:bag_of_seeds":1,"minecraft:crimson_roots":4,"minecraft:gold_ingot":5,"minecraft:gravel":246,"minecraft:crimson_fungus":2,"minecraft:pointed_dripstone":2,"minecraft:chainmail_chestplate":1,"minecraft:oak_fence_gate":1,"minecraft:gunpowder":5,"minecraft:beetroot_seeds":2,"minecraft:chest":16,"minecraft:iron_bars":5,"create:andesite_alloy":6,"minecraft:water_bucket":1,"minecraft:bread":6,"create:mechanical_saw":1,"scalinghealth:cursed_heart":1,"scalinghealth:heart_crystal_shard":1,"minecraft:andesite_wall":4,"minecraft:copper_ingot":15,"minecraft:torch":3,"scalinghealth:heart_crystal":1,"tombstone:grave_key":3,"tombstone:grave_dust":4,"tacz:modern_kinetic_gun":11,"toughasnails:purified_water_canteen":2,"minecraft:bucket":3,"minecraft:dandelion":1,"minecraft:smooth_basalt":1,"create:shaft":3,"minecraft:coarse_dirt":90,"minecraft:tuff":5,"minecraft:shield":1,"minecraft:oak_button":3,"minecraft:iron_chestplate":3,"minecraft:andesite":45,"minecraft:mossy_stone_bricks":3,"toughasnails:purified_water_bottle":1,"minecraft:oak_sapling":15,"storagedrawers:drawer_key":1,"minecraft:calcite":29},"minecraft:custom":{"minecraft:interact_with_crafting_table":273,"minecraft:open_barrel":6,"minecraft:leave_game":28,"minecraft:time_since_death":9640,"minecraft:damage_blocked_by_shield":6032,"minecraft:play_time":1056917,"minecraft:deaths":102,"minecraft:jump":12177,"minecraft:enchant_item":5,"minecraft:interact_with_furnace":54,"minecraft:play_record":4,"minecraft:sleep_in_bed":41,"minecraft:waystone_activated":2,"tombstone:sneak_grave":4,"minecraft:damage_dealt":26302,"tombstone:undead_killed":92,"minecraft:interact_with_smoker":1,"minecraft:horse_one_cm":5928,"minecraft:use_cauldron":12,"minecraft:interact_with_smithing_table":1,"minecraft:interact_with_anvil":2,"minecraft:inspect_hopper":3,"minecraft:sneak_time":29804,"minecraft:interact_with_blast_furnace":7,"minecraft:total_world_time":1056917,"tombstone:raider_killed":3,"minecraft:interact_with_stonecutter":37,"minecraft:time_since_rest":9337,"minecraft:swim_one_cm":50826,"minecraft:fly_one_cm":2307951,"minecraft:open_chest":856,"minecraft:fall_one_cm":167498,"minecraft:damage_resisted":59,"minecraft:sprint_one_cm":2627679,"minecraft:drop":329,"minecraft:talked_to_villager":4,"minecraft:walk_on_water_one_cm":44262,"minecraft:crouch_one_cm":106506,"minecraft:mob_kills":166,"minecraft:fill_cauldron":1,"minecraft:damage_dealt_resisted":721,"minecraft:climb_one_cm":7517,"minecraft:walk_one_cm":3406270,"minecraft:walk_under_water_one_cm":46552,"spartanshields:shield_bash_hits":5,"minecraft:interact_with_grindstone":1,"minecraft:damage_taken":42412,"minecraft:damage_absorbed":80},"minecraft:picked_up":{"minecraft:iron_chestplate":1,"create:polished_cut_calcite_slab":3,"minecraft:flower_pot":2,"minecraft:stone_slab":4,"create:wrench":1,"minecraft:brewing_stand":1,"minecraft:string":28,"create:limestone":2,"minecraft:explorer_pottery_sherd":1,"create:water_wheel":7,"minecraft:cobbled_deepslate":112,"minecraft:gold_nugget":26,"minecraft:spruce_planks":1,"minecraft:music_disc_blocks":2,"create:andesite_casing":66,"minecraft:cauldron":4,"minecraft:cyan_terracotta":75,"minecraft:bookshelf":15,"minecraft:white_terracotta":4,"mcwdoors:garage_white_door":1,"minecraft:iron_bars":7,"minecraft:snowball":59,"minecraft:birch_log":1,"storagedrawers:oak_full_drawers_4":1,"minecraft:cooked_beef":1,"minecraft:oxidized_copper":3,"minecraft:iron_door":4,"minecraft:water_bucket":1,"alexsmobs:bison_fur":2,"minecraft:flint":77,"create:encased_chain_drive":2,"minecraft:stonecutter":2,"create:mechanical_drill":2,"create:goggles":1,"create:shaft":38,"tacz:gun_smith_table":4,"create:super_glue":1,"create:empty_blaze_burner":1,"create:copycat_panel":8,"mcwbridges:andesite_bridge":5,"create:tiled_glass":8,"minecraft:barrel":1,"minecraft:bundle":1,"minecraft:iron_hoe":1,"minecraft:polished_andesite":216,"minecraft:bread":5,"minecraft:crimson_roots":3,"minecraft:diamond_pickaxe":3,"minecraft:coarse_dirt":421,"minecraft:crafting_table":5,"create:fluid_pipe":6,"create:scorchia":1,"tacz:ammo":543,"minecraft:iron_shovel":1,"minecraft:cracked_stone_bricks":4,"minecraft:beef":19,"minecraft:iron_nugget":41,"minecraft:chest":6,"minecraft:birch_sapling":1,"minecraft:stone":8,"pointblank:gunmetal_nugget":89,"minecraft:carrot":8,"minecraft:redstone":306,"create:brass_casing":11,"create:steam_engine":1,"create:vertical_gearbox":24,"minecraft:shears":3,"minecraft:hay_block":62,"pvz_zengarden:zengarden_guide":1,"create:depot":1,"minecraft:gold_ingot":1,"create:cut_calcite_bricks":49,"minecraft:mutton":6,"minecraft:rail":12,"minecraft:white_wool":5,"minecraft:stripped_oak_log":5,"create:iron_sheet":12,"minecraft:oak_log":80,"toughasnails:purified_water_bottle":1,"farmersdelight:skillet":1,"create:crushing_wheel":2,"minecraft:stone_bricks":69,"minecraft:apple":3,"minecraft:kelp":142,"scalinghealth:power_crystal_shard":12,"tombstone:bag_of_seeds":2,"minecraft:arms_up_pottery_sherd":1,"minecraft:iron_sword":7,"create:mechanical_saw":1,"minecraft:polished_andesite_stairs":43,"minecraft:smooth_basalt":1,"minecraft:gravel":177,"minecraft:spruce_sapling":2,"minecraft:spruce_log":9,"create:gearbox":16,"travelersbackpack:standard":8,"create:millstone":5,"tacz:modern_kinetic_gun":12,"create:mechanical_pump":2,"storagedrawers:oak_full_drawers_2":2,"minecraft:oak_button":4,"create:mechanical_crafter":3,"tombstone:grave_key":1,"minecraft:raw_copper":5,"minecraft:smooth_stone_slab":10,"minecraft:iron_leggings":1,"create:andesite_funnel":2,"minecraft:bucket":2,"minecraft:red_sand":16,"create:mechanical_press":6,"minecraft:smooth_stone":184,"minecraft:cobblestone_slab":7,"minecraft:calcite":787,"minecraft:iron_boots":1,"minecraft:furnace":2,"minecraft:stick":7,"minecraft:oak_fence":8,"minecraft:torch":83,"minecraft:porkchop":2,"tacz:attachment":3,"tombstone:grave_dust":4,"minecraft:pointed_dripstone":30,"create:large_cogwheel":6,"mutantmonsters:hulk_hammer":1,"minecraft:andesite_wall":3,"minecraft:quartz_block":18,"minecraft:cactus":2,"minecraft:rotten_flesh":24,"minecraft:music_disc_wait":2,"minecraft:obsidian":5,"minecraft:cobblestone":708,"minecraft:enchanting_table":1,"create:fluid_tank":17,"minecraft:andesite":872,"minecraft:potato":9,"paraglider:spirit_orb":2,"minecraft:tuff":5,"create:raw_zinc":50,"minecraft:dirt":421,"minecraft:lapis_lazuli":170,"skilltree:gem":85,"mutantmonsters:creeper_minion_tracker":1,"minecraft:glass":4,"minecraft:bone":40,"minecraft:bow":2,"minecraft:wheat_seeds":32,"minecraft:raw_gold":43,"minecraft:mossy_stone_bricks":3,"minecraft:oak_planks":221,"toughasnails:purified_water_canteen":2,"minecraft:music_disc_13":2,"create:cogwheel":9,"minecraft:oak_pressure_plate":2,"minecraft:sand":99,"minecraft:diamond":20,"minecraft:bone_meal":1,"scalinghealth:cursed_heart":1,"minecraft:emerald":1,"minecraft:oak_sapling":7,"minecraft:netherrack":168,"minecraft:oak_leaves":1,"create:polished_cut_calcite":1,"create:rotation_speed_controller":1,"minecraft:diamond_horse_armor":1,"create:chute":4,"skilltree:golden_ring":1,"create:calcite_pillar":1,"minecraft:sugar_cane":9,"minecraft:raw_iron":224,"create:golden_sheet":4,"create:hand_crank":10,"create:deployer":1,"minecraft:howl_pottery_sherd":1,"minecraft:arrow":47,"minecraft:nether_bricks":1,"k_turrets:raw_titanium":8,"minecraft:saddle":1,"minecraft:burn_pottery_sherd":1,"minecraft:leather":11,"minecraft:birch_planks":8,"minecraft:crimson_fungus":1,"create:andesite_alloy":15,"minecraft:gunpowder":22,"minecraft:cobblestone_wall":10,"create:blaze_burner":15,"scalinghealth:heart_crystal":10,"minecraft:iron_ingot":38,"minecraft:soul_sand":4,"minecraft:book":18,"minecraft:oak_slab":22,"scalinghealth:heart_crystal_shard":17,"create:mechanical_bearing":2,"create:large_water_wheel":7,"minecraft:stone_brick_slab":2,"minecraft:quartz":42,"minecraft:dandelion":1,"minecraft:dripstone_block":29,"minecraft:lava_bucket":2,"minecraft:white_bed":6,"create:brass_ingot":4,"minecraft:chainmail_leggings":3,"create:encased_fan":6,"tombstone:magic_scroll":2,"minecraft:black_wool":1,"minecraft:coal":82},"minecraft:broken":{"minecraft:golden_boots":1,"minecraft:iron_boots":3,"minecraft:iron_chestplate":2,"minecraft:iron_leggings":4,"minecraft:diamond_pickaxe":1,"minecraft:shield":1,"minecraft:iron_axe":1,"minecraft:iron_pickaxe":4,"minecraft:iron_helmet":4,"toughasnails:purified_water_canteen":4,"mutantmonsters:hulk_hammer":1,"minecraft:iron_shovel":2,"create:sand_paper":1},"minecraft:mined":{"minecraft:white_bed":6,"create:andesite_casing":66,"create:cut_calcite_bricks":36,"minecraft:red_sand":16,"create:rotation_speed_controller":1,"minecraft:crimson_fungus":1,"tacz:gun_smith_table":3,"minecraft:spawner":1,"minecraft:light_blue_stained_glass":2,"minecraft:tall_seagrass":2,"minecraft:fire":4,"minecraft:barrel":1,"minecraft:deepslate_lapis_ore":9,"create:calcite_pillar":1,"minecraft:water_cauldron":4,"create:mechanical_press":6,"create:cogwheel":10,"minecraft:kelp_plant":17,"minecraft:crimson_nylium":7,"minecraft:soul_fire":5,"scalinghealth:deepslate_heart_crystal_ore":5,"minecraft:torch":12,"minecraft:oxidized_copper":3,"minecraft:polished_andesite_stairs":5,"minecraft:glass":8,"minecraft:sugar_cane":4,"minecraft:white_terracotta":4,"minecraft:wheat":15,"create:copycat_panel":8,"storagedrawers:oak_full_drawers_2":2,"minecraft:grass":13,"minecraft:oak_fence_gate":5,"create:hand_crank":8,"minecraft:smooth_basalt":1,"minecraft:stonecutter":2,"minecraft:deepslate":115,"create:zinc_ore":33,"minecraft:yellow_terracotta":1,"create:millstone":5,"farmersdelight:wild_carrots":1,"create:fluid_tank":8,"minecraft:nether_bricks":1,"minecraft:crimson_roots":2,"mcwbridges:andesite_bridge":5,"minecraft:redstone_wire":1,"create:encased_fan":6,"create:polished_cut_calcite_slab":1,"minecraft:moss_block":2,"minecraft:redstone_ore":3,"create:shaft":34,"minecraft:snow":3,"minecraft:green_terracotta":1,"minecraft:andesite":747,"minecraft:potatoes":4,"minecraft:cobblestone_slab":6,"minecraft:vine":1,"create:chute":2,"create:deployer":1,"create:polished_cut_calcite":1,"minecraft:glass_pane":2,"minecraft:soul_sand":4,"minecraft:stone_brick_slab":2,"create:fluid_pipe":3,"create:mechanical_pump":1,"minecraft:emerald_ore":1,"create:water_wheel":7,"minecraft:copper_ore":2,"minecraft:tall_grass":4,"minecraft:deepslate_gold_ore":31,"create:blaze_burner":16,"minecraft:coarse_dirt":389,"minecraft:cobblestone_wall":10,"create:gearbox":32,"minecraft:spruce_log":8,"create:mechanical_drill":2,"create:crushing_wheel":2,"create:mechanical_bearing":2,"minecraft:gravel":47,"minecraft:dripstone_block":16,"minecraft:cobweb":26,"minecraft:stone_bricks":69,"create:andesite_funnel":1,"minecraft:gold_ore":12,"create:deepslate_zinc_ore":17,"minecraft:spruce_planks":1,"minecraft:farmland":1,"minecraft:potted_cactus":2,"minecraft:brewing_stand":1,"minecraft:grass_block":169,"create:tiled_glass":5,"minecraft:smooth_stone":167,"minecraft:iron_ore":146,"minecraft:pointed_dripstone":1,"minecraft:iron_bars":7,"minecraft:deepslate_redstone_ore":62,"minecraft:quartz_block":20,"minecraft:cyan_terracotta":70,"create:steam_engine":2,"minecraft:calcite":860,"minecraft:chest":4,"create:brass_casing":11,"minecraft:nether_quartz_ore":44,"minecraft:cobblestone":115,"minecraft:oak_planks":17,"minecraft:iron_door":3,"minecraft:wall_torch":19,"create:large_water_wheel":5,"minecraft:seagrass":4,"farmersdelight:sandy_shrub":1,"minecraft:smooth_stone_slab":5,"minecraft:oak_log":46,"minecraft:sand":99,"minecraft:dirt":182,"create:encased_chain_drive":1,"minecraft:netherrack":168,"minecraft:oak_leaves":19,"minecraft:nether_gold_ore":7,"minecraft:tuff":5,"minecraft:deepslate_diamond_ore":20,"minecraft:glow_lichen":1,"mcwdoors:garage_white_door":1,"create:large_cogwheel":6,"minecraft:decorated_pot":1,"create:depot":1,"minecraft:spruce_leaves":38,"minecraft:hay_block":62,"minecraft:furnace":2,"minecraft:carrots":8,"create:scorchia":1,"minecraft:bookshelf":6,"minecraft:deepslate_iron_ore":83,"minecraft:stripped_oak_log":5,"minecraft:stone":598,"travelersbackpack:standard":7,"minecraft:crafting_table":5,"minecraft:andesite_wall":1,"minecraft:stone_slab":4,"minecraft:lapis_ore":17,"minecraft:birch_planks":8,"minecraft:ice":3,"k_turrets:titanium_ore":8,"minecraft:coal_ore":83,"create:mechanical_crafter":3,"minecraft:cracked_stone_bricks":4,"minecraft:polished_andesite":178,"minecraft:mossy_stone_bricks":3},"minecraft:used":{"create:deployer":2,"minecraft:chest":19,"minecraft:stone":7,"create:tiled_glass":19,"minecraft:rotten_flesh":6,"create:fluid_tank":12,"create:mechanical_crafter":24,"create:depot":4,"minecraft:snowball":92,"minecraft:lava_bucket":23,"minecraft:birch_sapling":1,"minecraft:polished_andesite_stairs":19,"minecraft:quartz_block":7,"minecraft:music_disc_wait":1,"create:andesite_funnel":4,"create:polished_cut_calcite":10,"create:rotation_speed_controller":3,"minecraft:bow":47,"create:shaft":88,"mutantmonsters:hulk_hammer":82,"create:steam_engine":2,"minecraft:furnace":2,"create:sequenced_gearshift":1,"minecraft:potato":63,"minecraft:cactus":2,"minecraft:oak_leaves":1,"minecraft:golden_apple":1,"minecraft:sand":3,"spartanshields:diamond_basic_shield":9,"minecraft:oak_pressure_plate":5,"minecraft:polished_andesite_slab":7,"minecraft:diamond_sword":54,"create:basin":2,"minecraft:birch_log":5,"minecraft:enchanting_table":1,"minecraft:iron_bars":7,"storagedrawers:oak_full_drawers_2":3,"toughasnails:water_purifier":1,"minecraft:netherrack":99,"minecraft:torch":445,"minecraft:brewing_stand":1,"minecraft:oak_fence_gate":6,"create:wrench":261,"create:gearbox":37,"minecraft:iron_axe":233,"minecraft:barrel":4,"create:encased_chain_drive":10,"create:fluid_pipe":3,"tombstone:gift":10,"minecraft:cobbled_deepslate":32,"create:belt_connector":2,"minecraft:calcite":465,"minecraft:wheat_seeds":66,"minecraft:water_bucket":91,"minecraft:birch_planks":2,"minecraft:cauldron":1,"create:blaze_burner":16,"minecraft:cracked_stone_bricks":3,"minecraft:rail":1,"minecraft:comparator":1,"create:encased_fan":9,"minecraft:crafting_table":11,"minecraft:white_bed":6,"minecraft:spruce_log":7,"minecraft:oak_log":71,"minecraft:diamond_pickaxe":3079,"minecraft:oak_button":11,"minecraft:iron_pickaxe":1006,"create:water_wheel":8,"tombstone:magic_scroll":2,"minecraft:music_disc_blocks":1,"minecraft:cobblestone":197,"minecraft:potion":3,"travelersbackpack:standard":9,"storagedrawers:oak_full_drawers_4":1,"create:powered_latch":1,"toughasnails:purified_water_canteen":21,"create:clutch":1,"minecraft:stripped_oak_log":5,"minecraft:jukebox":1,"create:calcite_pillar":9,"minecraft:iron_shovel":729,"create:pulse_extender":3,"minecraft:shield":86,"minecraft:iron_sword":352,"create:mechanical_bearing":5,"mcwdoors:garage_white_door":7,"create:cogwheel":24,"minecraft:carrot":1,"mcwbridges:andesite_bridge":3,"minecraft:music_disc_13":2,"minecraft:obsidian":5,"minecraft:glass":37,"minecraft:cyan_terracotta":19,"tombstone:tablet_of_cupidity":1,"minecraft:iron_helmet":3,"create:millstone":7,"minecraft:stone_bricks":96,"create:mechanical_drill":3,"create:crushing_wheel":4,"minecraft:oak_planks":65,"minecraft:diamond_axe":79,"minecraft:sugar_cane":3,"toughasnails:water_canteen":15,"minecraft:stone_brick_wall":1,"minecraft:redstone_torch":1,"minecraft:lever":2,"minecraft:bread":120,"tombstone:grave_key":19,"minecraft:iron_door":7,"minecraft:gravel":5,"minecraft:andesite":133,"minecraft:smooth_stone_slab":4,"create:vertical_gearbox":31,"minecraft:coarse_dirt":12,"minecraft:bone_meal":78,"create:large_cogwheel":18,"minecraft:oak_fence":1,"minecraft:flint_and_steel":2,"create:item_vault":9,"minecraft:redstone":7,"tacz:gun_smith_table":4,"minecraft:spruce_planks":1,"create:mechanical_pump":1,"minecraft:dirt":77,"scalinghealth:heart_crystal":1,"create:mechanical_mixer":1,"minecraft:hopper":16,"toughasnails:empty_canteen":5,"create:copycat_panel":28,"minecraft:cobblestone_wall":3,"create:chute":5,"minecraft:andesite_wall":1,"minecraft:stone_brick_slab":6,"minecraft:bookshelf":15,"minecraft:iron_boots":1,"mcwbridges:andesite_bridge_stair":4,"minecraft:cooked_beef":6,"minecraft:iron_leggings":3,"create:gearshift":1,"minecraft:cooked_mutton":6,"minecraft:glass_bottle":76,"minecraft:polished_andesite":695,"create:empty_blaze_burner":9,"minecraft:stonecutter":2,"minecraft:cobblestone_slab":6,"create:cut_calcite_bricks":303,"create:brass_funnel":4,"create:mechanical_harvester":5,"tombstone:bag_of_seeds":1,"create:linear_chassis":6,"minecraft:apple":16,"create:mechanical_press":9,"create:large_water_wheel":6,"create:polished_cut_calcite_slab":18,"toughasnails:purified_water_bottle":50,"minecraft:bucket":115,"create:pulse_repeater":1,"create:hand_crank":10,"storagedrawers:drawer_key":15,"minecraft:smooth_stone":675},"minecraft:killed_by":{"mutantmonsters:mutant_creeper":3,"minecraft:zombie":18,"mutantmonsters:mutant_skeleton":1,"endofherobrine:cow":1,"mutantmonsters:mutant_zombie":2,"minecraft:wither_skeleton":3,"minecraft:creeper":9,"minecraft:piglin":3,"minecraft:spider":3,"minecraft:enderman":2,"alexsmobs:gelada_monkey":1,"minecraft:hoglin":1,"minecraft:skeleton":41},"minecraft:crafted":{"create:powered_latch":1,"minecraft:oak_pressure_plate":4,"minecraft:birch_slab":6,"create:brass_nugget":1,"minecraft:lever":3,"create:item_vault":9,"minecraft:cooked_mutton":6,"mcwbridges:andesite_bridge":8,"create:vertical_gearbox":6,"minecraft:glass":53,"create:rotation_speed_controller":2,"create:andesite_funnel":2,"create:mechanical_press":2,"minecraft:iron_door":3,"create:brass_funnel":4,"create:cogwheel":172,"minecraft:glass_bottle":12,"create:rose_quartz":11,"minecraft:diamond_axe":1,"minecraft:polished_andesite_stairs":40,"create:cut_calcite_bricks":5,"travelersbackpack:standard":2,"minecraft:hay_block":7,"create:encased_chain_drive":10,"create:mechanical_mixer":1,"create:clutch":1,"create:gearbox":30,"create:encased_fan":3,"minecraft:iron_pickaxe":1,"minecraft:iron_block":2,"storagedrawers:oak_full_drawers_2":2,"create:large_cogwheel":25,"storagedrawers:drawer_key":1,"spartanshields:wooden_basic_shield":1,"create:propeller":3,"storagedrawers:upgrade_template":4,"mcwdoors:garage_white_door":6,"create:wrench":1,"minecraft:jukebox":1,"minecraft:iron_nugget":216,"create:calcite_pillar":1,"minecraft:bone_meal":26,"minecraft:andesite_wall":6,"mcwbridges:andesite_bridge_stair":6,"travelersbackpack:white_sleeping_bag":2,"create:electron_tube":11,"create:belt_connector":1,"minecraft:wheat":349,"create:goggles":1,"minecraft:oak_fence_gate":7,"create:mechanical_arm":1,"minecraft:andesite_slab":6,"minecraft:iron_shovel":4,"minecraft:iron_leggings":2,"create:shaft":143,"create:tiled_glass":10,"minecraft:oak_planks":798,"minecraft:cobblestone_slab":6,"minecraft:barrel":23,"create:mechanical_harvester":5,"create:mechanical_bearing":3,"create:deployer":1,"minecraft:stone_brick_slab":4,"minecraft:bow":1,"minecraft:iron_boots":3,"minecraft:comparator":1,"minecraft:chest":35,"minecraft:oak_button":9,"minecraft:copper_block":2,"minecraft:stone_bricks":16,"minecraft:oak_fence":3,"create:brass_hand":1,"create:depot":3,"minecraft:oak_slab":96,"minecraft:crafting_table":14,"minecraft:spruce_planks":37,"create:mechanical_saw":3,"minecraft:wooden_pickaxe":1,"create:fluid_pipe":4,"minecraft:iron_helmet":2,"create:brass_ingot":1,"create:sand_paper":2,"minecraft:birch_planks":18,"create:gearshift":1,"minecraft:tnt":1,"create:polished_cut_calcite_slab":12,"create:sequenced_gearshift":1,"minecraft:iron_chestplate":1,"minecraft:paper":3,"minecraft:charcoal":1,"minecraft:diamond_pickaxe":1,"create:water_wheel":4,"toughasnails:water_purifier":1,"minecraft:shield":2,"create:super_glue":1,"minecraft:stick":78,"create:mechanical_pump":1,"minecraft:iron_ingot":18,"minecraft:redstone_torch":12,"minecraft:shears":1,"create:empty_blaze_burner":9,"toughasnails:empty_canteen":1,"minecraft:polished_andesite":249,"create:chute":4,"minecraft:stone_brick_wall":1,"create:steam_engine":2,"spartanshields:diamond_basic_shield":1,"minecraft:polished_andesite_slab":8,"minecraft:flint_and_steel":1,"minecraft:iron_axe":1,"create:millstone":2,"minecraft:slime_ball":2,"create:pulse_extender":3,"create:fluid_tank":11,"create:basin":2,"create:filter":1,"minecraft:cooked_beef":7,"create:andesite_alloy":211,"create:hand_crank":1,"minecraft:diamond_sword":1,"travelersbackpack:backpack_tank":4,"minecraft:iron_sword":1,"create:large_water_wheel":1,"scalinghealth:heart_crystal":1,"minecraft:bucket":1,"minecraft:bread":139,"minecraft:air":2615,"create:whisk":1,"minecraft:gold_nugget":9,"create:linear_chassis":9,"create:mechanical_crafter":21,"create:mechanical_drill":1,"minecraft:torch":101,"minecraft:lapis_lazuli":1,"minecraft:lapis_block":16,"create:pulse_repeater":1}},"DataVersion":3465}