{"stats":{"minecraft:picked_up":{"minecraft:iron_chestplate":1,"create:polished_cut_calcite_slab":3,"minecraft:flower_pot":2,"minecraft:stone_slab":4,"create:wrench":3,"minecraft:brewing_stand":1,"minecraft:polished_deepslate":4,"minecraft:string":29,"create:limestone":2,"minecraft:explorer_pottery_sherd":1,"create:water_wheel":7,"minecraft:diamond_leggings":1,"create:cart_assembler":7,"minecraft:gold_nugget":26,"minecraft:cobbled_deepslate":269,"minecraft:spruce_planks":1,"minecraft:music_disc_blocks":2,"create:andesite_casing":93,"minecraft:cauldron":5,"create:copper_casing":1,"minecraft:cyan_terracotta":88,"mcwdoors:metal_windowed_door":3,"minecraft:bookshelf":15,"minecraft:white_terracotta":4,"mcwdoors:garage_white_door":1,"minecraft:iron_bars":7,"minecraft:snowball":59,"minecraft:birch_log":1,"minecraft:furnace_minecart":3,"storagedrawers:oak_full_drawers_4":2,"minecraft:cooked_beef":1,"minecraft:oxidized_copper":3,"minecraft:iron_door":4,"minecraft:water_bucket":1,"alexsmobs:bison_fur":2,"minecraft:flint":88,"create:encased_chain_drive":2,"minecraft:stonecutter":3,"create:mechanical_drill":11,"create:goggles":3,"create:shaft":60,"tacz:gun_smith_table":4,"create:super_glue":1,"create:empty_blaze_burner":1,"create:copycat_panel":8,"mcwbridges:andesite_bridge":5,"create:tiled_glass":8,"minecraft:barrel":2,"minecraft:bundle":2,"minecraft:iron_hoe":1,"dramaticdoors:tall_oak_door":2,"minecraft:polished_andesite":352,"minecraft:lever":8,"minecraft:bread":6,"create:precision_mechanism":4,"minecraft:crimson_roots":3,"minecraft:diamond_pickaxe":3,"create:copper_sheet":32,"minecraft:coarse_dirt":427,"minecraft:crafting_table":6,"minecraft:clay_ball":1,"create:fluid_pipe":7,"tacz:ammo":633,"create:scorchia":1,"minecraft:iron_shovel":1,"minecraft:cracked_stone_bricks":5,"minecraft:beef":19,"minecraft:iron_nugget":84,"minecraft:chest":6,"minecraft:birch_sapling":1,"minecraft:stone":8,"pointblank:gunmetal_nugget":106,"minecraft:carrot":8,"minecraft:redstone":306,"create:brass_casing":27,"create:vertical_gearbox":26,"create:steam_engine":1,"minecraft:shears":3,"minecraft:diamond_boots":1,"minecraft:hay_block":62,"create:depot":1,"minecraft:gold_ingot":1,"create:cut_calcite_bricks":86,"minecraft:mutton":6,"minecraft:rail":34,"minecraft:white_wool":5,"minecraft:stripped_oak_log":7,"create:iron_sheet":12,"pointblank:ammo338lapua":24,"minecraft:oak_log":81,"toughasnails:purified_water_bottle":1,"minecraft:golden_boots":1,"farmersdelight:skillet":1,"create:crushing_wheel":2,"minecraft:stone_bricks":111,"minecraft:apple":3,"minecraft:kelp":142,"scalinghealth:power_crystal_shard":12,"tombstone:bag_of_seeds":3,"minecraft:arms_up_pottery_sherd":1,"minecraft:iron_sword":7,"create:mechanical_saw":1,"minecraft:polished_andesite_stairs":45,"minecraft:smooth_basalt":1,"minecraft:gravel":352,"minecraft:spruce_sapling":2,"minecraft:spruce_log":9,"create:gearbox":19,"travelersbackpack:standard":8,"create:millstone":5,"tacz:modern_kinetic_gun":13,"create:mechanical_pump":4,"storagedrawers:oak_full_drawers_2":2,"minecraft:oak_button":5,"minecraft:lodestone":1,"create:mechanical_crafter":11,"minecraft:gilded_blackstone":2,"tombstone:grave_key":1,"create:furnace_minecart_contraption":5,"minecraft:raw_copper":8,"minecraft:smooth_stone_slab":17,"minecraft:iron_leggings":1,"create:andesite_funnel":2,"create:sand_paper":1,"minecraft:deepslate_tiles":5,"minecraft:red_sand":16,"create:mechanical_press":6,"minecraft:smooth_stone":340,"minecraft:bucket":4,"minecraft:cobblestone_slab":7,"minecraft:calcite":834,"minecraft:iron_boots":1,"minecraft:furnace":2,"minecraft:stick":7,"minecraft:oak_fence":8,"minecraft:torch":99,"minecraft:porkchop":2,"tacz:attachment":3,"tombstone:grave_dust":5,"minecraft:pointed_dripstone":31,"create:large_cogwheel":13,"mutantmonsters:hulk_hammer":1,"minecraft:andesite_wall":3,"minecraft:quartz_block":18,"minecraft:cactus":2,"minecraft:rotten_flesh":24,"minecraft:music_disc_ward":1,"create:asurine":9,"minecraft:music_disc_wait":2,"minecraft:obsidian":5,"minecraft:cobblestone":811,"minecraft:enchanting_table":1,"create:fluid_tank":63,"minecraft:andesite":874,"minecraft:potato":10,"paraglider:spirit_orb":2,"minecraft:tuff":32,"create:raw_zinc":50,"mutantmonsters:creeper_minion_tracker":1,"create:incomplete_precision_mechanism":1,"minecraft:lapis_lazuli":170,"skilltree:gem":88,"minecraft:dirt":510,"minecraft:glass":4,"minecraft:bone":42,"minecraft:bow":2,"minecraft:wheat_seeds":32,"minecraft:raw_gold":48,"minecraft:mossy_stone_bricks":5,"minecraft:oak_planks":232,"toughasnails:purified_water_canteen":2,"minecraft:music_disc_13":2,"create:cogwheel":11,"minecraft:oak_pressure_plate":2,"minecraft:sand":131,"pointblank:cp2077_tsunami_nekomata":1,"minecraft:diamond":21,"minecraft:bone_meal":1,"scalinghealth:cursed_heart":1,"minecraft:emerald":1,"minecraft:oak_sapling":7,"minecraft:netherrack":168,"minecraft:oak_leaves":1,"create:polished_cut_calcite":1,"create:rotation_speed_controller":2,"minecraft:diamond_horse_armor":1,"create:chute":4,"skilltree:golden_ring":1,"create:calcite_pillar":9,"minecraft:sugar_cane":9,"create:linear_chassis":29,"minecraft:raw_iron":224,"create:golden_sheet":4,"create:hand_crank":12,"create:deployer":5,"minecraft:howl_pottery_sherd":1,"minecraft:arrow":55,"minecraft:nether_bricks":1,"k_turrets:raw_titanium":8,"minecraft:saddle":1,"minecraft:burn_pottery_sherd":1,"minecraft:leather":11,"minecraft:birch_planks":8,"minecraft:crimson_fungus":1,"create:andesite_alloy":15,"minecraft:gunpowder":25,"minecraft:cobblestone_wall":10,"create:blaze_burner":15,"farmersdelight:tatami":9,"scalinghealth:heart_crystal":11,"minecraft:iron_ingot":38,"minecraft:soul_sand":4,"minecraft:book":63,"minecraft:oak_slab":22,"scalinghealth:heart_crystal_shard":17,"create:mechanical_bearing":2,"create:large_water_wheel":7,"minecraft:stone_brick_slab":2,"minecraft:quartz":42,"minecraft:dandelion":1,"minecraft:dripstone_block":29,"minecraft:lava_bucket":2,"minecraft:white_bed":6,"create:brass_ingot":4,"minecraft:chainmail_leggings":3,"create:encased_fan":6,"tombstone:magic_scroll":3,"minecraft:black_wool":1,"minecraft:coal":93},"minecraft:killed":{"minecraft:skeleton":68,"minecraft:zombie":33,"mutantmonsters:mutant_creeper":1,"minecraft:cow":7,"minecraft:horse":3,"alexsmobs:gelada_monkey":2,"mutantmonsters:creeper_minion":1,"endofherobrine:silverfish":3,"minecraft:witch":3,"minecraft:spider":4,"minecraft:piglin":5,"minecraft:pig":1,"minecraft:creeper":17,"minecraft:sheep":5,"minecraft:ghast":1,"minecraft:phantom":7,"alexsmobs:bison":1,"mutantmonsters:mutant_zombie":1,"minecraft:wither_skeleton":1},"minecraft:used":{"create:deployer":6,"minecraft:chiseled_deepslate":2,"minecraft:chest":19,"minecraft:stone":7,"create:tiled_glass":19,"minecraft:rotten_flesh":6,"create:fluid_tank":48,"create:mechanical_crafter":24,"create:depot":5,"minecraft:snowball":92,"minecraft:lava_bucket":30,"minecraft:birch_sapling":1,"minecraft:polished_andesite_stairs":33,"minecraft:quartz_block":7,"minecraft:music_disc_wait":1,"create:andesite_funnel":4,"create:polished_cut_calcite":10,"create:rotation_speed_controller":4,"minecraft:bow":47,"create:shaft":174,"mutantmonsters:hulk_hammer":82,"create:steam_engine":11,"minecraft:furnace":2,"create:sequenced_gearshift":1,"minecraft:potato":64,"minecraft:cactus":2,"minecraft:oak_leaves":1,"create:spout":1,"minecraft:golden_apple":1,"minecraft:sand":3,"spartanshields:diamond_basic_shield":16,"farmersdelight:tatami":3,"minecraft:deepslate_tiles":97,"minecraft:oak_pressure_plate":5,"minecraft:polished_andesite_slab":7,"minecraft:diamond_sword":133,"create:basin":2,"minecraft:birch_log":5,"minecraft:enchanting_table":1,"minecraft:iron_bars":7,"storagedrawers:oak_full_drawers_2":3,"toughasnails:water_purifier":1,"minecraft:netherrack":99,"minecraft:torch":453,"minecraft:brewing_stand":1,"minecraft:oak_fence_gate":6,"create:wrench":349,"create:gearbox":53,"minecraft:iron_axe":233,"minecraft:barrel":14,"minecraft:diamond_chestplate":2,"create:encased_chain_drive":14,"create:fluid_pipe":27,"tombstone:gift":10,"minecraft:cobbled_deepslate":56,"create:belt_connector":2,"minecraft:pointed_dripstone":15,"minecraft:calcite":510,"minecraft:wheat_seeds":66,"minecraft:water_bucket":103,"minecraft:birch_planks":2,"minecraft:cauldron":15,"minecraft:gilded_blackstone":1,"create:blaze_burner":24,"minecraft:cracked_stone_bricks":4,"create:furnace_minecart_contraption":5,"minecraft:rail":16,"minecraft:comparator":1,"create:encased_fan":9,"minecraft:crafting_table":12,"minecraft:white_bed":6,"minecraft:spruce_log":7,"minecraft:oak_log":103,"minecraft:diamond_pickaxe":3873,"minecraft:oak_button":12,"minecraft:iron_pickaxe":1006,"create:water_wheel":16,"tombstone:magic_scroll":2,"create:mechanical_arm":12,"minecraft:music_disc_blocks":1,"minecraft:cobblestone":216,"minecraft:potion":3,"travelersbackpack:standard":32,"storagedrawers:oak_full_drawers_4":1,"toughasnails:purified_water_canteen":36,"create:powered_latch":1,"create:clutch":1,"minecraft:stripped_oak_log":7,"minecraft:jukebox":1,"create:calcite_pillar":9,"minecraft:iron_shovel":794,"create:pulse_extender":3,"minecraft:shield":86,"minecraft:iron_sword":352,"create:mechanical_bearing":5,"create:cogwheel":31,"mcwdoors:garage_white_door":16,"minecraft:carrot":1,"minecraft:furnace_minecart":4,"mcwbridges:andesite_bridge":3,"minecraft:music_disc_13":2,"minecraft:obsidian":5,"minecraft:glass":37,"minecraft:cyan_terracotta":28,"tombstone:tablet_of_cupidity":1,"minecraft:iron_helmet":3,"create:millstone":7,"minecraft:stone_bricks":101,"mcwdoors:metal_windowed_door":3,"create:mechanical_drill":12,"create:crushing_wheel":4,"minecraft:oak_planks":76,"minecraft:diamond_axe":203,"minecraft:sugar_cane":3,"create_sa:brass_jetpack_chestplate":1,"create:mechanical_saw":1,"toughasnails:water_canteen":15,"minecraft:stone_brick_wall":1,"minecraft:redstone_torch":1,"minecraft:lever":7,"minecraft:bread":148,"tombstone:grave_key":19,"minecraft:iron_door":7,"create:andesite_casing":5,"minecraft:gravel":5,"minecraft:andesite":133,"minecraft:smooth_stone_slab":7,"create:vertical_gearbox":34,"minecraft:coarse_dirt":12,"minecraft:bone_meal":78,"create:large_cogwheel":21,"minecraft:oak_fence":1,"minecraft:flint_and_steel":2,"create:item_vault":9,"minecraft:redstone":7,"tacz:gun_smith_table":4,"minecraft:spruce_planks":1,"create:mechanical_pump":6,"minecraft:dirt":77,"scalinghealth:heart_crystal":1,"create:mechanical_mixer":1,"minecraft:hopper":17,"toughasnails:empty_canteen":8,"create:copycat_panel":28,"minecraft:cobblestone_wall":3,"create:mechanical_plough":1,"create:chute":5,"minecraft:andesite_wall":1,"create:smart_chute":2,"minecraft:stone_brick_slab":6,"minecraft:bookshelf":15,"minecraft:iron_boots":1,"create:cart_assembler":5,"mcwbridges:andesite_bridge_stair":4,"minecraft:cooked_beef":6,"minecraft:iron_leggings":3,"create:gearshift":1,"minecraft:cooked_mutton":6,"minecraft:lodestone":1,"minecraft:glass_bottle":78,"minecraft:polished_andesite":1070,"create:empty_blaze_burner":9,"minecraft:stonecutter":3,"minecraft:cobblestone_slab":6,"create:cut_calcite_bricks":327,"create:brass_funnel":4,"create:mechanical_harvester":5,"tombstone:bag_of_seeds":3,"create:linear_chassis":58,"minecraft:apple":16,"create:mechanical_press":9,"create:large_water_wheel":6,"create:polished_cut_calcite_slab":18,"toughasnails:purified_water_bottle":53,"minecraft:bucket":132,"create:pulse_repeater":1,"create:hand_crank":12,"storagedrawers:drawer_key":15,"minecraft:smooth_stone":733},"minecraft:crafted":{"create:powered_latch":1,"minecraft:oak_pressure_plate":4,"minecraft:birch_slab":6,"create:brass_nugget":1,"minecraft:lever":4,"create:item_vault":9,"minecraft:cooked_mutton":6,"mcwbridges:andesite_bridge":8,"create:vertical_gearbox":7,"minecraft:glass":53,"create:rotation_speed_controller":2,"create:andesite_funnel":2,"create:mechanical_press":2,"minecraft:iron_door":3,"create:brass_funnel":4,"create:cogwheel":266,"create:mechanical_plough":1,"minecraft:glass_bottle":12,"minecraft:furnace_minecart":1,"create:rose_quartz":13,"minecraft:diamond_axe":1,"minecraft:polished_andesite_stairs":42,"create:cut_calcite_bricks":5,"travelersbackpack:standard":2,"minecraft:hay_block":7,"create:encased_chain_drive":14,"create:mechanical_mixer":1,"create:clutch":1,"create:gearbox":42,"create:encased_fan":7,"minecraft:iron_pickaxe":1,"minecraft:iron_block":2,"create:large_cogwheel":41,"storagedrawers:oak_full_drawers_2":2,"storagedrawers:drawer_key":1,"spartanshields:wooden_basic_shield":1,"create:propeller":13,"storagedrawers:upgrade_template":4,"mcwdoors:garage_white_door":15,"create:wrench":2,"minecraft:jukebox":1,"minecraft:iron_nugget":317,"create:smart_chute":2,"create:calcite_pillar":1,"minecraft:bone_meal":26,"minecraft:andesite_wall":6,"mcwbridges:andesite_bridge_stair":6,"travelersbackpack:white_sleeping_bag":2,"create:electron_tube":13,"create:belt_connector":1,"minecraft:wheat":349,"create:goggles":2,"minecraft:oak_fence_gate":7,"create:mechanical_arm":1,"minecraft:andesite_slab":6,"minecraft:iron_shovel":4,"minecraft:iron_leggings":2,"create:shaft":206,"create:tiled_glass":10,"minecraft:oak_planks":862,"minecraft:cobblestone_slab":6,"minecraft:barrel":34,"create:mechanical_harvester":5,"create:mechanical_bearing":3,"create:deployer":1,"minecraft:hopper":1,"minecraft:stone_brick_slab":4,"minecraft:bow":1,"minecraft:iron_boots":3,"create:cart_assembler":1,"minecraft:comparator":1,"minecraft:chest":35,"create:spout":1,"minecraft:oak_button":9,"minecraft:copper_block":10,"minecraft:stone_bricks":16,"minecraft:oak_fence":3,"create:brass_hand":1,"create:depot":4,"minecraft:oak_slab":96,"minecraft:cauldron":13,"minecraft:crafting_table":14,"minecraft:spruce_planks":37,"create:mechanical_saw":3,"minecraft:iron_helmet":2,"minecraft:wooden_pickaxe":1,"create:fluid_pipe":40,"create:brass_ingot":1,"create:sand_paper":2,"minecraft:birch_planks":18,"create:gearshift":1,"minecraft:tnt":1,"create:polished_cut_calcite_slab":12,"create:sequenced_gearshift":1,"minecraft:iron_chestplate":1,"minecraft:paper":3,"minecraft:charcoal":1,"minecraft:diamond_pickaxe":1,"create:water_wheel":12,"toughasnails:water_purifier":1,"minecraft:shield":2,"create:super_glue":1,"minecraft:stick":79,"create:mechanical_pump":3,"minecraft:iron_ingot":26,"minecraft:redstone_torch":12,"minecraft:shears":1,"create:empty_blaze_burner":9,"toughasnails:empty_canteen":1,"minecraft:polished_andesite":309,"create:chute":4,"minecraft:stone_brick_wall":1,"create:steam_engine":10,"minecraft:furnace":1,"spartanshields:diamond_basic_shield":1,"minecraft:polished_andesite_slab":8,"minecraft:flint_and_steel":1,"minecraft:iron_axe":1,"create:millstone":2,"minecraft:slime_ball":2,"create:pulse_extender":3,"create:fluid_tank":11,"create:basin":2,"create:filter":1,"minecraft:minecart":1,"minecraft:cooked_beef":7,"create:andesite_alloy":339,"create:hand_crank":1,"minecraft:diamond_sword":1,"travelersbackpack:backpack_tank":4,"minecraft:iron_sword":1,"create:large_water_wheel":1,"scalinghealth:heart_crystal":1,"minecraft:bucket":17,"minecraft:air":3331,"minecraft:bread":139,"create:whisk":1,"minecraft:gold_nugget":9,"create:linear_chassis":33,"create:mechanical_crafter":21,"create:mechanical_drill":1,"minecraft:torch":101,"minecraft:lapis_lazuli":1,"minecraft:lapis_block":16,"minecraft:diamond_chestplate":1,"create:pulse_repeater":1},"minecraft:broken":{"minecraft:golden_boots":1,"minecraft:iron_boots":3,"minecraft:iron_chestplate":3,"minecraft:iron_leggings":4,"minecraft:diamond_pickaxe":2,"minecraft:shield":1,"minecraft:iron_axe":1,"minecraft:iron_pickaxe":4,"minecraft:iron_helmet":4,"toughasnails:purified_water_canteen":7,"mutantmonsters:hulk_hammer":1,"minecraft:iron_shovel":3,"create:sand_paper":1},"minecraft:killed_by":{"mutantmonsters:mutant_creeper":3,"minecraft:zombie":21,"mutantmonsters:mutant_skeleton":1,"endofherobrine:cow":1,"mutantmonsters:mutant_zombie":2,"minecraft:wither_skeleton":3,"minecraft:creeper":9,"minecraft:piglin":3,"mutantmonsters:creeper_minion":1,"minecraft:spider":3,"minecraft:enderman":2,"alexsmobs:gelada_monkey":1,"minecraft:hoglin":1,"minecraft:skeleton":43,"endofherobrine:silverfish":1},"minecraft:dropped":{"minecraft:iron_sword":2,"minecraft:oak_pressure_plate":1,"minecraft:cooked_beef":2,"dramaticdoors:tall_oak_door":1,"minecraft:diamond":7,"create:cogwheel":21,"create:incomplete_precision_mechanism":2,"minecraft:cracked_stone_bricks":3,"minecraft:rail":20,"minecraft:dirt":111,"minecraft:yellow_dye":2,"create:scorchia":1,"create:cut_calcite_bricks":1,"create:goggles":4,"minecraft:sand":33,"minecraft:iron_pickaxe":1,"minecraft:white_wool":2,"minecraft:bone":6,"minecraft:lever":3,"minecraft:iron_nugget":48,"minecraft:polished_andesite_slab":1,"minecraft:rotten_flesh":8,"minecraft:oak_planks":53,"minecraft:chiseled_deepslate":1,"minecraft:quartz_block":8,"create:wrench":3,"create:limestone":2,"minecraft:glass":3,"tacz:attachment":2,"minecraft:iron_ingot":19,"minecraft:wheat_seeds":34,"farmersdelight:skillet":1,"minecraft:dripstone_block":3,"minecraft:oak_fence":6,"minecraft:iron_helmet":1,"minecraft:cobblestone":8,"minecraft:apple":5,"create:precision_mechanism":3,"minecraft:chainmail_helmet":1,"minecraft:coal":2,"skilltree:gem":73,"minecraft:string":2,"minecraft:chainmail_leggings":3,"create:sand_paper":1,"pointblank:cp2077_tsunami_nekomata":1,"minecraft:spruce_sapling":3,"minecraft:cobblestone_wall":7,"minecraft:clay_ball":1,"minecraft:iron_boots":2,"minecraft:stone_slab":4,"minecraft:white_terracotta":4,"create:copper_sheet":32,"minecraft:nether_bricks":1,"minecraft:torchflower_seeds":1,"minecraft:shears":2,"minecraft:pumpkin_seeds":12,"create:polished_cut_calcite_slab":3,"minecraft:cobblestone_slab":7,"create:propeller":6,"minecraft:flower_pot":2,"create:zinc_ingot":15,"minecraft:diamond_pickaxe":1,"minecraft:stone_bricks":26,"tacz:ammo":78,"create:brass_casing":9,"minecraft:bow":3,"minecraft:red_sand":10,"skilltree:golden_ring":1,"minecraft:black_wool":1,"minecraft:oak_log":14,"travelersbackpack:standard":2,"minecraft:flint":3,"minecraft:cyan_terracotta":8,"tombstone:bag_of_seeds":1,"create:brass_sheet":1,"minecraft:crimson_roots":4,"create:large_cogwheel":21,"minecraft:gold_ingot":5,"minecraft:gravel":264,"minecraft:crimson_fungus":2,"minecraft:pointed_dripstone":2,"minecraft:chainmail_chestplate":1,"minecraft:oak_fence_gate":1,"minecraft:gunpowder":9,"minecraft:beetroot_seeds":2,"minecraft:chest":16,"minecraft:iron_bars":5,"create:andesite_alloy":12,"minecraft:water_bucket":1,"minecraft:bread":7,"scalinghealth:cursed_heart":1,"create:mechanical_saw":1,"scalinghealth:heart_crystal_shard":1,"minecraft:andesite_wall":4,"minecraft:copper_ingot":47,"pointblank:ammo338lapua":22,"minecraft:torch":3,"scalinghealth:heart_crystal":2,"tombstone:grave_key":3,"tombstone:grave_dust":5,"minecraft:iron_leggings":1,"tacz:modern_kinetic_gun":12,"toughasnails:purified_water_canteen":2,"minecraft:bucket":21,"minecraft:dandelion":1,"minecraft:smooth_basalt":1,"create:shaft":3,"create:furnace_minecart_contraption":5,"minecraft:coarse_dirt":92,"minecraft:tuff":32,"create:cart_assembler":3,"minecraft:shield":1,"minecraft:oak_button":3,"minecraft:iron_chestplate":3,"minecraft:andesite":45,"minecraft:mossy_stone_bricks":5,"toughasnails:purified_water_bottle":1,"minecraft:oak_sapling":17,"storagedrawers:drawer_key":1,"minecraft:calcite":29},"minecraft:mined":{"minecraft:white_bed":6,"create:copper_casing":1,"create:andesite_casing":93,"create:cut_calcite_bricks":65,"minecraft:red_sand":16,"create:rotation_speed_controller":2,"minecraft:crimson_fungus":1,"tacz:gun_smith_table":3,"minecraft:spawner":1,"minecraft:light_blue_stained_glass":2,"minecraft:tall_seagrass":2,"minecraft:fire":4,"minecraft:barrel":2,"minecraft:cobbled_deepslate":3,"minecraft:deepslate_lapis_ore":9,"create:calcite_pillar":9,"minecraft:water_cauldron":4,"create:mechanical_press":6,"create:cogwheel":13,"minecraft:kelp_plant":17,"minecraft:crimson_nylium":7,"minecraft:soul_fire":5,"scalinghealth:deepslate_heart_crystal_ore":5,"minecraft:torch":15,"minecraft:oxidized_copper":3,"minecraft:polished_andesite_stairs":7,"minecraft:glass":8,"minecraft:sugar_cane":4,"minecraft:white_terracotta":4,"minecraft:wheat":15,"create:copycat_panel":8,"storagedrawers:oak_full_drawers_2":2,"minecraft:grass":13,"minecraft:oak_fence_gate":5,"create:hand_crank":8,"minecraft:smooth_basalt":1,"minecraft:stonecutter":3,"create:linear_chassis":29,"minecraft:deepslate":202,"create:zinc_ore":33,"minecraft:yellow_terracotta":1,"minecraft:deepslate_tiles":4,"create:millstone":5,"farmersdelight:wild_carrots":1,"create:fluid_tank":26,"minecraft:nether_bricks":1,"minecraft:crimson_roots":2,"mcwbridges:andesite_bridge":5,"minecraft:redstone_wire":1,"create:encased_fan":6,"create:polished_cut_calcite_slab":1,"minecraft:moss_block":2,"minecraft:redstone_ore":3,"create:shaft":48,"minecraft:snow":3,"minecraft:green_terracotta":1,"minecraft:andesite":749,"minecraft:potatoes":4,"minecraft:vine":1,"minecraft:cobblestone_slab":6,"create:cart_assembler":4,"minecraft:rail":13,"create:chute":2,"create:deployer":3,"create:polished_cut_calcite":1,"minecraft:glass_pane":2,"minecraft:soul_sand":4,"minecraft:stone_brick_slab":2,"create:fluid_pipe":4,"create:mechanical_pump":3,"minecraft:emerald_ore":1,"create:water_wheel":7,"endofherobrine:glowing_obsidian":1,"minecraft:copper_ore":3,"minecraft:tall_grass":4,"minecraft:deepslate_gold_ore":37,"create:blaze_burner":16,"minecraft:coarse_dirt":396,"minecraft:cobblestone_wall":10,"create:gearbox":38,"minecraft:spruce_log":8,"create:mechanical_drill":2,"create:crushing_wheel":2,"create:mechanical_bearing":2,"minecraft:gravel":55,"minecraft:dripstone_block":16,"minecraft:cobweb":26,"minecraft:stone_bricks":116,"create:andesite_funnel":1,"minecraft:gold_ore":12,"create:deepslate_zinc_ore":17,"minecraft:spruce_planks":1,"minecraft:farmland":1,"minecraft:potted_cactus":2,"minecraft:brewing_stand":1,"minecraft:grass_block":213,"create:powered_shaft":2,"create:tiled_glass":5,"minecraft:gilded_blackstone":1,"minecraft:smooth_stone":327,"minecraft:iron_ore":146,"minecraft:pointed_dripstone":1,"minecraft:iron_bars":7,"minecraft:deepslate_redstone_ore":62,"minecraft:quartz_block":20,"minecraft:cyan_terracotta":84,"create:steam_engine":2,"minecraft:calcite":907,"minecraft:chest":4,"create:brass_casing":11,"minecraft:nether_quartz_ore":44,"minecraft:cobblestone":124,"minecraft:oak_planks":28,"minecraft:iron_door":3,"minecraft:wall_torch":20,"minecraft:cauldron":1,"create:large_water_wheel":5,"minecraft:seagrass":4,"farmersdelight:sandy_shrub":1,"minecraft:smooth_stone_slab":7,"minecraft:oak_log":47,"minecraft:sand":99,"minecraft:dirt":221,"create:encased_chain_drive":1,"minecraft:netherrack":168,"minecraft:oak_leaves":19,"minecraft:nether_gold_ore":7,"minecraft:tuff":22,"minecraft:deepslate_diamond_ore":21,"minecraft:glow_lichen":1,"minecraft:lever":6,"mcwdoors:garage_white_door":1,"minecraft:decorated_pot":1,"create:large_cogwheel":7,"create:depot":1,"minecraft:spruce_leaves":38,"minecraft:hay_block":62,"minecraft:furnace":2,"minecraft:carrots":8,"create:scorchia":1,"minecraft:polished_deepslate":4,"minecraft:bookshelf":21,"minecraft:deepslate_iron_ore":83,"minecraft:stripped_oak_log":7,"minecraft:stone":694,"travelersbackpack:standard":7,"minecraft:crafting_table":6,"minecraft:andesite_wall":1,"minecraft:stone_slab":4,"mcwdoors:metal_windowed_door":1,"minecraft:lapis_ore":17,"minecraft:birch_planks":8,"dramaticdoors:tall_oak_door":2,"minecraft:ice":3,"farmersdelight:tatami":9,"k_turrets:titanium_ore":8,"minecraft:coal_ore":83,"create:mechanical_crafter":11,"minecraft:cracked_stone_bricks":5,"minecraft:polished_andesite":311,"create:andesite_encased_shaft":7,"minecraft:mossy_stone_bricks":5},"minecraft:custom":{"minecraft:interact_with_crafting_table":350,"minecraft:open_barrel":59,"minecraft:leave_game":32,"minecraft:time_since_death":43147,"minecraft:damage_blocked_by_shield":6482,"minecraft:play_time":1336438,"minecraft:deaths":110,"minecraft:jump":14727,"minecraft:enchant_item":5,"minecraft:interact_with_furnace":56,"minecraft:play_record":4,"minecraft:sleep_in_bed":42,"minecraft:waystone_activated":2,"tombstone:sneak_grave":4,"minecraft:damage_dealt":30669,"tombstone:undead_killed":103,"minecraft:interact_with_smoker":1,"minecraft:use_cauldron":15,"minecraft:horse_one_cm":5928,"minecraft:interact_with_smithing_table":1,"minecraft:interact_with_anvil":2,"minecraft:inspect_hopper":5,"minecraft:sneak_time":36995,"minecraft:interact_with_blast_furnace":7,"minecraft:total_world_time":1336438,"tombstone:raider_killed":3,"minecraft:interact_with_stonecutter":50,"minecraft:time_since_rest":42927,"minecraft:swim_one_cm":57454,"minecraft:fly_one_cm":2779700,"minecraft:open_chest":1080,"minecraft:fall_one_cm":185326,"minecraft:damage_resisted":59,"minecraft:sprint_one_cm":3254535,"minecraft:drop":414,"minecraft:talked_to_villager":4,"minecraft:walk_on_water_one_cm":44814,"minecraft:crouch_one_cm":129955,"minecraft:mob_kills":186,"minecraft:fill_cauldron":3,"minecraft:damage_dealt_resisted":1042,"minecraft:climb_one_cm":7517,"minecraft:walk_one_cm":4444191,"minecraft:walk_under_water_one_cm":48216,"spartanshields:shield_bash_hits":6,"minecraft:interact_with_grindstone":1,"minecraft:damage_taken":45322,"minecraft:damage_absorbed":80}},"DataVersion":3465}