{"stats":{"minecraft:killed":{"endofherobrine:silverfish":9,"minecraft:witch":1,"minecraft:spider":26,"minecraft:skeleton":65,"minecraft:bee":1,"minecraft:chicken":5,"boh:rat":1,"minecraft:pig":1,"minecraft:zombie_villager":1,"alexsmobs:seal":1,"mutantmonsters:mutant_skeleton":2,"minecraft:creeper":89,"boh:deer":15,"minecraft:sheep":3,"minecraft:pillager":5,"minecraft:zombie":62,"endofherobrine:cow":2,"mutantmonsters:mutant_creeper":3,"minecraft:cow":6,"minecraft:phantom":6,"minecraft:horse":1,"boh:souichi":1,"mutantmonsters:creeper_minion":29,"minecraft:enderman":4},"minecraft:dropped":{"marbledsarsenal:black_juggernaut_armor_chestplate":1,"minecraft:iron_sword":2,"minecraft:moss_block":42,"create:vertical_gearbox":2,"minecraft:oak_pressure_plate":2,"minecraft:oak_log":9,"create:fluid_tank":28,"minecraft:leather_helmet":1,"minecraft:rail":1,"minecraft:flint":3,"minecraft:music_disc_13":1,"minecraft:cyan_terracotta":16,"create:linear_chassis":2,"minecraft:dirt":31,"minecraft:snowball":40,"minecraft:gilded_blackstone":31,"create:goggles":2,"create:iron_sheet":1,"create:large_cogwheel":1,"minecraft:iron_pickaxe":4,"marbledsarsenal:black_juggernaut_armor_leggings":1,"minecraft:bone":13,"minecraft:gravel":377,"minecraft:obsidian":5,"create:asurine":9,"boh:venison":5,"minecraft:chainmail_chestplate":3,"create:wrench":1,"minecraft:melon_seeds":1,"minecraft:leather_boots":6,"minecraft:chainmail_boots":1,"farmersdelight:rope":7,"create:brass_ingot":58,"minecraft:arrow":56,"minecraft:oak_leaves":1,"minecraft:enchanting_table":1,"minecraft:enchanted_book":4,"minecraft:water_bucket":1,"minecraft:iron_ingot":4,"minecraft:wheat_seeds":2,"farmersdelight:skillet":1,"scalinghealth:cursed_heart":1,"create:mechanical_saw":1,"minecraft:bookshelf":15,"minecraft:dripstone_block":8,"minecraft:diamond_leggings":2,"minecraft:poisonous_potato":1,"scalinghealth:heart_crystal_shard":13,"farmersdelight:tree_bark":22,"create:precision_mechanism":2,"minecraft:granite":17,"minecraft:copper_ingot":51,"minecraft:chainmail_helmet":2,"minecraft:polished_andesite":11,"create:andesite_casing":3,"minecraft:lava_bucket":3,"tacz:ammo_box":1,"farmersdelight:golden_knife":1,"tombstone:magic_scroll":2,"minecraft:lodestone":2,"skilltree:gem":8,"minecraft:diamond_helmet":1,"minecraft:iron_leggings":7,"tacz:modern_kinetic_gun":17,"minecraft:iron_axe":2,"mcwbridges:andesite_bridge":2,"minecraft:music_disc_wait":1,"minecraft:smooth_stone":17,"minecraft:chainmail_leggings":4,"minecraft:string":1,"create:mechanical_drill":9,"minecraft:bucket":3,"create:sand_paper":2,"farmersdelight:rotten_tomato":1,"minecraft:sweet_berries":1,"create:ochrum":4,"create:furnace_minecart_contraption":3,"marbledsarsenal:black_juggernaut_armor_boots":1,"minecraft:raw_copper":128,"minecraft:coarse_dirt":580,"minecraft:cobblestone_wall":1,"minecraft:smooth_stone_slab":1,"minecraft:tuff":51,"farmersdelight:cabbage_seeds":4,"minecraft:iron_boots":2,"minecraft:iron_hoe":1,"minecraft:stripped_oak_log":1,"minecraft:name_tag":1,"create:copper_sheet":32,"scalinghealth:power_crystal_shard":8,"minecraft:shears":1,"create:cart_assembler":1,"minecraft:stone":8,"minecraft:gray_terracotta":2,"minecraft:shield":7,"minecraft:oak_button":1,"minecraft:diamond_chestplate":1,"create:zinc_ingot":50,"minecraft:diamond_pickaxe":2,"minecraft:iron_chestplate":4,"minecraft:andesite":116,"marbledsarsenal:black_juggernaut_armor_helmet":1,"toughasnails:purified_water_bottle":1,"minecraft:oak_sapling":1,"create:deployer":3,"minecraft:golden_sword":1,"minecraft:stone_bricks":5,"create:brass_casing":8,"tacz:ammo":90,"minecraft:diamond_boots":2,"waystones:waystone":2,"minecraft:stone_pickaxe":2,"minecraft:bow":6,"minecraft:wooden_pickaxe":1,"minecraft:calcite":10,"skilltree:golden_ring":1},"minecraft:custom":{"minecraft:interact_with_crafting_table":161,"minecraft:open_barrel":37,"minecraft:leave_game":19,"minecraft:time_since_death":65766,"minecraft:damage_resisted":148,"minecraft:sprint_one_cm":4873560,"minecraft:damage_blocked_by_shield":2286,"minecraft:drop":388,"minecraft:talked_to_villager":3,"minecraft:play_time":1403207,"minecraft:deaths":78,"minecraft:jump":10873,"minecraft:interact_with_brewingstand":1,"minecraft:walk_on_water_one_cm":35803,"minecraft:interact_with_furnace":153,"minecraft:play_record":2,"minecraft:sleep_in_bed":42,"minecraft:waystone_activated":1,"tombstone:sneak_grave":3,"minecraft:damage_dealt":50672,"tombstone:use_disenchantment":1,"minecraft:crouch_one_cm":24943,"tombstone:undead_killed":130,"minecraft:interact_with_smoker":40,"minecraft:use_cauldron":28,"minecraft:horse_one_cm":2406,"minecraft:interact_with_smithing_table":5,"minecraft:interact_with_anvil":19,"minecraft:mob_kills":366,"minecraft:inspect_hopper":6,"minecraft:damage_dealt_resisted":3553,"minecraft:climb_one_cm":33364,"minecraft:walk_one_cm":4416361,"tombstone:consume_soul":1,"minecraft:sneak_time":21007,"minecraft:walk_under_water_one_cm":7368,"minecraft:interact_with_blast_furnace":26,"minecraft:total_world_time":1403207,"spartanshields:shield_bash_hits":6,"tombstone:raider_killed":6,"minecraft:interact_with_grindstone":8,"minecraft:interact_with_stonecutter":7,"minecraft:time_since_rest":65548,"minecraft:damage_taken":37080,"minecraft:swim_one_cm":6038,"minecraft:fly_one_cm":1340277,"minecraft:open_chest":877,"minecraft:fall_one_cm":110240},"minecraft:picked_up":{"minecraft:iron_chestplate":3,"minecraft:wheat":7,"minecraft:chainmail_boots":1,"minecraft:anvil":8,"minecraft:stone_slab":3,"minecraft:diamond_sword":1,"boh:spinel":20,"create:wrench":2,"minecraft:enchanted_book":1,"minecraft:potion":1,"minecraft:gilded_blackstone":32,"minecraft:polished_deepslate":4,"minecraft:music_disc_cat":1,"create:furnace_minecart_contraption":3,"minecraft:string":63,"mutantmonsters:mutant_skeleton_skull":1,"minecraft:raw_copper":1877,"minecraft:smooth_stone_slab":194,"minecraft:iron_leggings":4,"create:sand_paper":2,"create:cart_assembler":2,"minecraft:gold_nugget":1,"minecraft:bucket":4,"minecraft:smooth_stone":29,"minecraft:cobbled_deepslate":847,"farmersdelight:cabbage":8,"minecraft:spruce_planks":9,"minecraft:redstone_torch":1,"minecraft:calcite":255,"minecraft:iron_pickaxe":3,"pointblank:workstation":1,"farmersdelight:cabbage_seeds":29,"minecraft:iron_boots":3,"minecraft:furnace":2,"minecraft:stick":5,"farmersdelight:rotten_tomato":1,"minecraft:torch":64,"create:andesite_casing":17,"storagedrawers:spruce_full_drawers_4":5,"minecraft:porkchop":1,"tacz:attachment":7,"tombstone:grave_dust":22,"minecraft:diorite":5,"minecraft:green_terracotta":4,"create:large_cogwheel":16,"minecraft:quartz_block":8,"minecraft:rotten_flesh":119,"minecraft:music_disc_ward":2,"farmersdelight:tree_bark":22,"create:scoria":2,"create:ochrum":4,"mcwdoors:metal_windowed_door":4,"create:asurine":9,"minecraft:cyan_terracotta":138,"farmersdelight:rope":7,"marbledsarsenal:black_juggernaut_armor_leggings":1,"mcwdoors:garage_white_door":16,"minecraft:music_disc_wait":1,"minecraft:iron_bars":3,"minecraft:snowball":99,"minecraft:cobblestone":394,"minecraft:birch_log":18,"storagedrawers:oak_full_drawers_4":8,"minecraft:feather":11,"minecraft:magma_block":18,"minecraft:cooked_beef":1,"minecraft:oxidized_copper":3,"minecraft:iron_door":4,"minecraft:water_bucket":1,"minecraft:andesite":1599,"minecraft:potato":151,"paraglider:spirit_orb":18,"minecraft:flint":136,"minecraft:tuff":85,"storagedrawers:drawer_key":1,"create:raw_zinc":143,"create:incomplete_precision_mechanism":1,"skilltree:gem":408,"minecraft:lapis_lazuli":57,"farmersdelight:tomato":11,"minecraft:dirt":241,"minecraft:name_tag":1,"create:encased_chain_drive":1,"tacz:ammo_box":1,"minecraft:leather_boots":5,"minecraft:bone":135,"minecraft:gray_terracotta":2,"minecraft:bow":6,"minecraft:wheat_seeds":24,"marbledsarsenal:black_juggernaut_armor_chestplate":1,"minecraft:raw_gold":281,"create:goggles":3,"minecraft:mossy_stone_bricks":2,"minecraft:moss_block":42,"minecraft:oak_planks":17,"minecraft:music_disc_13":1,"create:cogwheel":19,"minecraft:oak_pressure_plate":8,"minecraft:poisonous_potato":1,"minecraft:sand":82,"create:copycat_panel":1,"minecraft:barrel":1,"minecraft:stripped_spruce_log":27,"minecraft:grass_block":1,"mcwbridges:andesite_bridge":2,"create:tiled_glass":4,"minecraft:iron_hoe":2,"dramaticdoors:tall_oak_door":2,"minecraft:polished_andesite":11,"minecraft:diamond":222,"minecraft:lever":2,"waystones:waystone":1,"minecraft:crossbow":1,"minecraft:granite":26,"create:precision_mechanism":1,"create:copper_sheet":32,"minecraft:chainmail_helmet":2,"minecraft:bread":3,"minecraft:oak_sapling":27,"minecraft:netherrack":228,"minecraft:oak_leaves":2,"minecraft:diamond_pickaxe":2,"minecraft:coarse_dirt":649,"minecraft:crafting_table":4,"boh:venison":31,"minecraft:chicken":6,"minecraft:shield":7,"minecraft:iron_axe":2,"tacz:ammo":1770,"minecraft:blackstone":1,"minecraft:cracked_stone_bricks":4,"skilltree:golden_ring":1,"minecraft:beef":13,"minecraft:iron_nugget":6,"minecraft:chest":27,"minecraft:birch_sapling":1,"create:linear_chassis":2,"minecraft:egg":3,"minecraft:raw_iron":825,"minecraft:oak_door":1,"minecraft:copper_ingot":34,"minecraft:fire_charge":2,"pointblank:gunmetal_nugget":621,"minecraft:carrot":17,"minecraft:redstone":274,"create:brass_casing":9,"create:zinc_ingot":1,"create:vertical_gearbox":2,"create:deployer":1,"mutantmonsters:creeper_shard":1,"travelersbackpack:sponge":3,"minecraft:arrow":145,"minecraft:shears":1,"pvz_zengarden:zengarden_guide":1,"minecraft:gold_ingot":6,"minecraft:saddle":1,"create:cut_calcite_bricks":5,"minecraft:mutton":5,"minecraft:rail":6,"minecraft:white_wool":3,"minecraft:stripped_oak_log":4,"create:iron_sheet":1,"minecraft:leather":34,"create:blaze_burner":1,"minecraft:birch_planks":26,"scalinghealth:bandages":7,"minecraft:oak_log":66,"minecraft:chainmail_chestplate":2,"toughasnails:purified_water_bottle":1,"minecraft:yellow_bed":2,"minecraft:gunpowder":224,"minecraft:cobblestone_wall":4,"scalinghealth:heart_crystal":28,"farmersdelight:tatami":18,"farmersdelight:skillet":1,"mutantmonsters:mutant_skeleton_limb":1,"scalinghealth:medkit":1,"minecraft:white_banner":1,"minecraft:birch_pressure_plate":8,"minecraft:apple":1,"minecraft:stone_bricks":36,"tombstone:bag_of_seeds":2,"minecraft:iron_ingot":3,"minecraft:oak_fence_gate":16,"minecraft:cooked_chicken":6,"scalinghealth:power_crystal_shard":8,"marbledsarsenal:black_juggernaut_armor_helmet":1,"minecraft:glass_bottle":2,"minecraft:iron_sword":16,"create:mechanical_saw":1,"minecraft:book":54,"scalinghealth:heart_crystal_shard":39,"minecraft:sweet_berries":9,"minecraft:quartz":205,"minecraft:dripstone_block":12,"minecraft:gravel":330,"minecraft:lava_bucket":2,"marbledsarsenal:black_juggernaut_armor_boots":1,"minecraft:amethyst_shard":5,"minecraft:spruce_sapling":12,"minecraft:white_bed":1,"minecraft:spruce_log":58,"minecraft:leather_helmet":1,"minecraft:spider_eye":11,"create:brass_ingot":56,"travelersbackpack:standard":1,"tacz:modern_kinetic_gun":18,"minecraft:chainmail_leggings":4,"minecraft:iron_helmet":1,"minecraft:oak_button":3,"minecraft:lodestone":3,"tombstone:magic_scroll":5,"minecraft:melon_seeds":1,"minecraft:coal":622,"minecraft:ender_pearl":3},"minecraft:broken":{"minecraft:iron_boots":2,"minecraft:stone_pickaxe":1,"minecraft:iron_sword":1,"minecraft:iron_helmet":3,"toughasnails:purified_water_canteen":12},"minecraft:mined":{"create:deepslate_zinc_ore":37,"minecraft:spruce_planks":9,"minecraft:white_bed":1,"minecraft:oak_sapling":1,"minecraft:farmland":22,"create:andesite_casing":14,"minecraft:granite":26,"travelersbackpack:sponge":2,"minecraft:grass_block":5,"minecraft:oak_pressure_plate":8,"minecraft:gilded_blackstone":1,"create:tiled_glass":1,"minecraft:spawner":12,"minecraft:light_blue_stained_glass":1,"minecraft:smooth_stone":9,"minecraft:magma_block":18,"minecraft:barrel":1,"minecraft:iron_ore":623,"minecraft:fire":7,"minecraft:cobbled_deepslate":8,"minecraft:anvil":4,"create:asurine":9,"minecraft:deepslate_redstone_ore":35,"minecraft:gray_terracotta":2,"create:cogwheel":3,"minecraft:quartz_block":8,"minecraft:cyan_terracotta":64,"scalinghealth:deepslate_heart_crystal_ore":1,"minecraft:torch":9,"minecraft:calcite":81,"minecraft:oxidized_copper":3,"minecraft:chest":9,"minecraft:white_stained_glass_pane":2,"create:brass_casing":8,"minecraft:nether_quartz_ore":210,"farmersdelight:cabbages":9,"minecraft:glass":1,"minecraft:cobblestone":10,"minecraft:oak_planks":1,"minecraft:iron_door":1,"minecraft:wall_torch":30,"minecraft:deepslate_copper_ore":8,"mutantmonsters:mutant_skeleton_skull":1,"minecraft:wheat":8,"minecraft:smooth_stone_slab":76,"minecraft:grass":13,"minecraft:oak_log":1,"minecraft:oak_fence_gate":7,"minecraft:sand":84,"minecraft:dirt":60,"minecraft:netherrack":237,"minecraft:oak_leaves":31,"minecraft:deepslate":823,"create:zinc_ore":41,"minecraft:tuff":76,"minecraft:deepslate_diamond_ore":125,"minecraft:oak_door":1,"minecraft:lever":1,"mcwdoors:garage_white_door":9,"create:large_cogwheel":5,"create:ochrum":4,"minecraft:spruce_leaves":24,"minecraft:moss_block":42,"minecraft:redstone_ore":14,"minecraft:furnace":2,"minecraft:carrots":5,"minecraft:snow":10,"minecraft:andesite":1594,"minecraft:green_terracotta":4,"minecraft:stripped_spruce_log":4,"minecraft:polished_deepslate":4,"minecraft:bookshelf":18,"minecraft:potatoes":48,"minecraft:deepslate_iron_ore":36,"minecraft:stone":349,"minecraft:birch_pressure_plate":5,"storagedrawers:oak_full_drawers_4":1,"minecraft:crafting_table":4,"mcwdoors:metal_windowed_door":2,"endofherobrine:glowing_obsidian":6,"minecraft:copper_ore":485,"minecraft:tall_grass":4,"minecraft:deepslate_gold_ore":111,"minecraft:lapis_ore":9,"minecraft:diorite":5,"minecraft:coarse_dirt":342,"dramaticdoors:tall_oak_door":1,"minecraft:spruce_log":20,"minecraft:yellow_bed":1,"farmersdelight:tatami":18,"minecraft:coal_ore":579,"minecraft:lodestone":1,"minecraft:gravel":54,"minecraft:dripstone_block":8,"pointblank:workstation":1,"minecraft:cobweb":26,"storagedrawers:spruce_full_drawers_4":1,"minecraft:cracked_stone_bricks":2,"minecraft:polished_andesite":1,"minecraft:stone_bricks":14,"minecraft:mossy_stone_bricks":1,"minecraft:gold_ore":35},"minecraft:used":{"minecraft:polished_deepslate":132,"minecraft:chest":6,"minecraft:shield":31,"minecraft:iron_sword":433,"create:tiled_glass":4,"minecraft:green_terracotta":4,"minecraft:iron_chestplate":4,"minecraft:birch_pressure_plate":8,"create:cogwheel":3,"mcwdoors:garage_white_door":16,"minecraft:carrot":4,"minecraft:tuff":55,"minecraft:stripped_spruce_log":27,"minecraft:snowball":48,"minecraft:azure_bluet":1,"minecraft:glass":1,"minecraft:lava_bucket":31,"minecraft:cyan_terracotta":106,"farmersdelight:tomato":1,"minecraft:music_disc_ward":2,"minecraft:quartz_block":6,"create:scoria":2,"minecraft:stone_bricks":18,"pointblank:workstation":1,"mcwdoors:metal_windowed_door":4,"create:rotation_speed_controller":1,"minecraft:sweet_berries":8,"minecraft:furnace":6,"minecraft:oak_sapling":8,"create:mechanical_drill":3,"minecraft:egg":3,"minecraft:potato":44,"minecraft:mossy_stone_bricks":2,"minecraft:diorite":5,"minecraft:stone_pickaxe":366,"minecraft:oak_planks":1,"minecraft:blackstone":1,"minecraft:wooden_pickaxe":26,"toughasnails:water_canteen":1,"minecraft:oak_leaves":1,"minecraft:sand":1,"farmersdelight:tatami":24,"minecraft:dripstone_block":3,"minecraft:shears":2,"mutantmonsters:mutant_skeleton_skull":1,"minecraft:lever":2,"scalinghealth:enchanted_heart":3,"minecraft:bread":5,"tombstone:grave_key":12,"minecraft:oak_pressure_plate":6,"minecraft:iron_door":2,"minecraft:gravel":8,"storagedrawers:quantify_key":19,"minecraft:diamond_sword":547,"minecraft:grindstone":1,"minecraft:smithing_table":1,"minecraft:andesite":493,"create:large_cogwheel":3,"minecraft:smooth_stone_slab":156,"marbledsarsenal:black_juggernaut_armor_leggings":1,"minecraft:coarse_dirt":68,"minecraft:bone_meal":46,"minecraft:iron_bars":4,"farmersdelight:diamond_knife":37,"tacz:gun_smith_table":1,"minecraft:spruce_planks":9,"minecraft:cooked_chicken":7,"minecraft:netherrack":18,"minecraft:torch":359,"minecraft:dirt":171,"minecraft:anvil":1,"scalinghealth:heart_crystal":1,"toughasnails:empty_canteen":13,"minecraft:cobblestone_wall":4,"minecraft:diamond_helmet":1,"minecraft:granite":9,"minecraft:oak_fence_gate":16,"minecraft:iron_hoe":141,"minecraft:wooden_axe":38,"mutantmonsters:creeper_shard":1,"marbledsarsenal:black_juggernaut_armor_chestplate":1,"minecraft:iron_boots":1,"create:cart_assembler":1,"scalinghealth:power_crystal":1,"minecraft:barrel":1,"minecraft:diamond_chestplate":1,"minecraft:oxidized_copper":3,"travelersbackpack:sponge":4,"tombstone:gift":9,"minecraft:cooked_beef":3,"minecraft:cobbled_deepslate":186,"minecraft:iron_leggings":7,"minecraft:pointed_dripstone":3,"minecraft:calcite":223,"minecraft:wheat_seeds":9,"boh:cooked_venison":6,"minecraft:water_bucket":7,"minecraft:snow_block":3,"minecraft:glass_bottle":74,"minecraft:baked_potato":143,"marbledsarsenal:black_juggernaut_armor_helmet":1,"storagedrawers:spruce_full_drawers_4":9,"minecraft:cauldron":3,"create:furnace_minecart_contraption":1,"minecraft:gilded_blackstone":1,"minecraft:cracked_stone_bricks":4,"minecraft:rail":5,"create:cut_calcite_bricks":5,"minecraft:crafting_table":4,"minecraft:white_bed":1,"minecraft:spruce_log":2,"tombstone:bag_of_seeds":2,"minecraft:oak_log":1,"minecraft:diamond_pickaxe":3430,"minecraft:apple":1,"dramaticdoors:tall_oak_door":4,"minecraft:diamond_shovel":348,"minecraft:oak_button":2,"minecraft:iron_pickaxe":2054,"tombstone:magic_scroll":3,"minecraft:potion":1,"minecraft:cobblestone":115,"storagedrawers:oak_full_drawers_4":27,"travelersbackpack:standard":5,"toughasnails:purified_water_bottle":70,"minecraft:white_banner":1,"toughasnails:purified_water_canteen":68,"minecraft:bucket":53,"minecraft:yellow_bed":1,"minecraft:stripped_oak_log":3,"storagedrawers:drawer_key":2,"minecraft:dandelion":3,"minecraft:diamond_leggings":3,"minecraft:smooth_stone":9,"minecraft:chainmail_leggings":1},"minecraft:killed_by":{"endofherobrine:cow":1,"minecraft:creeper":12,"minecraft:drowned":3,"mutantmonsters:mutant_creeper":5,"minecraft:witch":1,"minecraft:zombie":25,"minecraft:spider":4,"minecraft:enderman":2,"mutantmonsters:mutant_skeleton":3,"minecraft:skeleton":20,"endofherobrine:silverfish":1},"minecraft:crafted":{"minecraft:grindstone":1,"minecraft:oak_planks":377,"minecraft:rotten_flesh":3,"minecraft:barrel":28,"minecraft:stone":2,"minecraft:diamond_shovel":1,"minecraft:bookshelf":15,"create:deployer":2,"create:rotation_speed_controller":1,"minecraft:glass":48,"minecraft:hopper":16,"minecraft:diamond_helmet":2,"minecraft:repeater":1,"minecraft:diamond_leggings":3,"minecraft:iron_boots":2,"minecraft:chest":25,"storagedrawers:oak_full_drawers_4":24,"create:brass_hand":2,"minecraft:oak_slab":60,"dramaticdoors:tall_oak_door":2,"create:rose_quartz":2,"minecraft:crafting_table":1,"minecraft:spruce_planks":72,"skilltree:iron_ring":1,"skilltree:gem":38,"tacz:ammo_box":1,"minecraft:iron_helmet":2,"minecraft:wooden_pickaxe":2,"skilltree:scholar_necklace":1,"storagedrawers:oak_full_drawers_1":2,"minecraft:smithing_table":1,"minecraft:copper_ingot":284,"minecraft:birch_planks":2,"minecraft:string":9,"minecraft:iron_chestplate":2,"minecraft:charcoal":1,"minecraft:diamond_pickaxe":2,"minecraft:stone_slab":2,"storagedrawers:fill_level_upgrade":1,"minecraft:stick":47,"minecraft:iron_ingot":207,"minecraft:iron_pickaxe":1,"minecraft:iron_block":4,"minecraft:snow_block":3,"minecraft:gold_ingot":522,"minecraft:redstone_torch":3,"storagedrawers:upgrade_template":8,"toughasnails:empty_canteen":1,"tombstone:book_of_disenchantment":1,"minecraft:oak_door":3,"minecraft:redstone":3,"pointblank:guninternals":24,"minecraft:spider_eye":1,"minecraft:iron_nugget":13,"storagedrawers:quantify_key":1,"minecraft:furnace":4,"storagedrawers:spruce_full_drawers_4":4,"minecraft:bone_meal":18,"travelersbackpack:magma_cube":1,"create:fluid_tank":28,"minecraft:ender_pearl":1,"minecraft:stone_pickaxe":4,"minecraft:diamond_boots":3,"skilltree:golden_ring":1,"create:electron_tube":2,"storagedrawers:diamond_storage_upgrade":4,"create:andesite_alloy":52,"minecraft:diamond_sword":1,"pointblank:gunmetal_ingot":108,"minecraft:enchanting_table":1,"minecraft:iron_sword":1,"tacz:gun_smith_table":1,"mobdropsrecipes_overworld:overworld_essence_common":248,"scalinghealth:heart_crystal":5,"minecraft:air":1087,"minecraft:gold_nugget":9,"minecraft:gunpowder":26,"minecraft:wooden_axe":1,"minecraft:writable_book":1,"create:mechanical_drill":12,"minecraft:iron_leggings":4,"minecraft:anvil":1,"minecraft:torch":75,"create:zinc_ingot":9,"minecraft:diamond_chestplate":2}},"DataVersion":3465}