{"stats":{"minecraft:picked_up":{"minecraft:iron_chestplate":3,"minecraft:wheat":7,"minecraft:chainmail_boots":2,"minecraft:anvil":8,"minecraft:stone_slab":3,"minecraft:diamond_sword":1,"boh:spinel":20,"create:wrench":2,"minecraft:enchanted_book":1,"minecraft:potion":1,"minecraft:gilded_blackstone":32,"minecraft:polished_deepslate":4,"minecraft:music_disc_cat":1,"create:furnace_minecart_contraption":3,"minecraft:string":73,"minecraft:raw_copper":1877,"mutantmonsters:mutant_skeleton_skull":1,"minecraft:smooth_stone_slab":194,"minecraft:iron_leggings":5,"create:sand_paper":2,"create:cart_assembler":2,"minecraft:smooth_stone":29,"minecraft:gold_nugget":1,"minecraft:cobbled_deepslate":952,"minecraft:bucket":4,"farmersdelight:cabbage":8,"minecraft:spruce_planks":9,"minecraft:redstone_torch":1,"minecraft:calcite":266,"minecraft:iron_pickaxe":3,"farmersdelight:cabbage_seeds":29,"pointblank:workstation":1,"minecraft:iron_boots":3,"minecraft:furnace":2,"minecraft:stick":5,"farmersdelight:rotten_tomato":1,"create:andesite_casing":17,"minecraft:torch":66,"storagedrawers:spruce_full_drawers_4":5,"minecraft:porkchop":1,"tacz:attachment":8,"tombstone:grave_dust":22,"minecraft:diorite":5,"minecraft:green_terracotta":14,"create:large_cogwheel":16,"minecraft:quartz_block":14,"minecraft:rotten_flesh":131,"create:scoria":2,"farmersdelight:tree_bark":22,"minecraft:music_disc_ward":2,"create:ochrum":4,"mcwdoors:metal_windowed_door":4,"create:asurine":9,"minecraft:cyan_terracotta":140,"farmersdelight:rope":7,"marbledsarsenal:black_juggernaut_armor_leggings":1,"mcwdoors:garage_white_door":18,"minecraft:music_disc_wait":1,"minecraft:iron_bars":3,"minecraft:snowball":99,"minecraft:cobblestone":395,"minecraft:birch_log":18,"storagedrawers:oak_full_drawers_4":8,"minecraft:leather_chestplate":1,"minecraft:magma_block":18,"minecraft:cooked_beef":1,"minecraft:feather":13,"minecraft:oxidized_copper":3,"minecraft:iron_door":4,"minecraft:water_bucket":1,"minecraft:andesite":1599,"minecraft:potato":151,"paraglider:spirit_orb":18,"minecraft:flint":139,"minecraft:tuff":87,"storagedrawers:drawer_key":1,"create:raw_zinc":143,"skilltree:gem":502,"minecraft:dirt":261,"create:incomplete_precision_mechanism":1,"minecraft:lapis_lazuli":57,"farmersdelight:tomato":11,"minecraft:name_tag":1,"create:encased_chain_drive":1,"tacz:ammo_box":1,"minecraft:leather_boots":5,"minecraft:bone":145,"minecraft:gray_terracotta":2,"minecraft:bow":6,"minecraft:wheat_seeds":26,"marbledsarsenal:black_juggernaut_armor_chestplate":1,"minecraft:raw_gold":281,"create:goggles":3,"minecraft:mossy_stone_bricks":2,"minecraft:moss_block":42,"minecraft:oak_planks":25,"minecraft:music_disc_13":1,"create:cogwheel":19,"minecraft:lime_terracotta":5,"minecraft:oak_pressure_plate":8,"minecraft:poisonous_potato":1,"minecraft:sand":82,"create:copycat_panel":1,"minecraft:stripped_spruce_log":27,"minecraft:grass_block":1,"mcwbridges:andesite_bridge":2,"create:tiled_glass":4,"minecraft:barrel":1,"minecraft:iron_hoe":2,"dramaticdoors:tall_oak_door":2,"minecraft:polished_andesite":11,"minecraft:diamond":296,"waystones:waystone":1,"minecraft:lever":2,"minecraft:crossbow":1,"minecraft:granite":26,"minecraft:bread":3,"scalinghealth:cursed_heart":3,"minecraft:chainmail_helmet":2,"minecraft:oak_sapling":28,"create:precision_mechanism":1,"minecraft:netherrack":769,"minecraft:oak_leaves":2,"minecraft:diamond_pickaxe":2,"create:copper_sheet":32,"minecraft:crafting_table":4,"minecraft:coarse_dirt":650,"minecraft:chicken":6,"boh:venison":39,"minecraft:shield":7,"minecraft:iron_axe":3,"tacz:ammo":1950,"minecraft:blackstone":1,"minecraft:cracked_stone_bricks":4,"skilltree:golden_ring":1,"minecraft:beef":13,"minecraft:iron_nugget":6,"minecraft:chest":27,"minecraft:birch_sapling":1,"create:linear_chassis":2,"minecraft:egg":4,"minecraft:raw_iron":825,"minecraft:oak_door":1,"minecraft:copper_ingot":34,"minecraft:fire_charge":2,"pointblank:gunmetal_nugget":727,"minecraft:carrot":17,"minecraft:redstone":274,"create:brass_casing":9,"create:zinc_ingot":1,"create:vertical_gearbox":2,"create:deployer":1,"mutantmonsters:creeper_shard":1,"travelersbackpack:sponge":3,"minecraft:arrow":148,"minecraft:shears":1,"k_turrets:raw_titanium":9,"minecraft:gold_ingot":6,"minecraft:saddle":1,"create:cut_calcite_bricks":7,"minecraft:mutton":50,"minecraft:white_wool":31,"minecraft:rail":7,"minecraft:stripped_oak_log":5,"create:iron_sheet":1,"minecraft:leather":34,"minecraft:birch_planks":26,"minecraft:oak_log":554,"minecraft:chainmail_chestplate":3,"scalinghealth:bandages":9,"toughasnails:purified_water_bottle":1,"minecraft:cobblestone_wall":4,"minecraft:gunpowder":269,"minecraft:yellow_bed":2,"scalinghealth:heart_crystal":39,"create:blaze_burner":1,"farmersdelight:tatami":21,"farmersdelight:skillet":1,"mutantmonsters:mutant_skeleton_limb":1,"minecraft:white_banner":1,"scalinghealth:medkit":1,"minecraft:birch_pressure_plate":8,"minecraft:apple":2,"minecraft:stone_bricks":39,"minecraft:iron_ingot":3,"minecraft:oak_fence_gate":16,"minecraft:cooked_chicken":6,"scalinghealth:power_crystal_shard":12,"tombstone:bag_of_seeds":2,"marbledsarsenal:black_juggernaut_armor_helmet":1,"minecraft:glass_bottle":2,"minecraft:iron_sword":16,"create:mechanical_saw":1,"minecraft:book":54,"scalinghealth:heart_crystal_shard":103,"minecraft:sweet_berries":9,"minecraft:quartz":1327,"minecraft:dripstone_block":12,"minecraft:gravel":354,"minecraft:lava_bucket":2,"marbledsarsenal:black_juggernaut_armor_boots":1,"minecraft:amethyst_shard":5,"minecraft:spruce_sapling":12,"minecraft:white_bed":1,"minecraft:spruce_log":58,"minecraft:spider_eye":11,"minecraft:leather_helmet":1,"travelersbackpack:standard":1,"minecraft:slime_ball":2,"create:brass_ingot":56,"tacz:modern_kinetic_gun":21,"minecraft:chainmail_leggings":4,"minecraft:iron_helmet":1,"minecraft:oak_button":3,"minecraft:lodestone":3,"tombstone:magic_scroll":8,"minecraft:melon_seeds":1,"minecraft:coal":678,"minecraft:ender_pearl":3},"minecraft:used":{"minecraft:polished_deepslate":132,"minecraft:chest":6,"minecraft:shield":31,"minecraft:iron_sword":433,"create:tiled_glass":4,"minecraft:green_terracotta":4,"minecraft:iron_chestplate":4,"minecraft:birch_pressure_plate":8,"create:cogwheel":3,"mcwdoors:garage_white_door":16,"minecraft:carrot":4,"minecraft:tuff":55,"minecraft:snowball":48,"minecraft:stripped_spruce_log":27,"minecraft:azure_bluet":1,"minecraft:glass":1,"minecraft:lava_bucket":35,"minecraft:cyan_terracotta":108,"farmersdelight:tomato":1,"minecraft:music_disc_ward":2,"minecraft:quartz_block":6,"create:scoria":2,"minecraft:stone_bricks":21,"pointblank:workstation":1,"create:rotation_speed_controller":1,"mcwdoors:metal_windowed_door":4,"minecraft:sweet_berries":8,"minecraft:oak_sapling":8,"minecraft:furnace":6,"create:mechanical_drill":3,"minecraft:egg":4,"minecraft:potato":44,"minecraft:mossy_stone_bricks":2,"minecraft:diorite":5,"minecraft:stone_pickaxe":366,"minecraft:blackstone":1,"minecraft:oak_planks":3,"minecraft:wooden_pickaxe":26,"toughasnails:water_canteen":1,"minecraft:white_wool":2,"minecraft:oak_leaves":1,"minecraft:sand":1,"farmersdelight:tatami":24,"minecraft:dripstone_block":3,"mutantmonsters:mutant_skeleton_skull":1,"minecraft:shears":2,"minecraft:lever":2,"scalinghealth:enchanted_heart":3,"minecraft:bread":5,"tombstone:grave_key":13,"minecraft:oak_pressure_plate":6,"minecraft:iron_door":2,"minecraft:gravel":8,"storagedrawers:quantify_key":20,"minecraft:diamond_sword":773,"travelersbackpack:magma_cube":1,"minecraft:grindstone":2,"minecraft:smithing_table":1,"minecraft:andesite":493,"create:large_cogwheel":3,"minecraft:smooth_stone_slab":156,"marbledsarsenal:black_juggernaut_armor_leggings":1,"minecraft:bone_meal":46,"minecraft:coarse_dirt":68,"minecraft:iron_bars":4,"farmersdelight:diamond_knife":37,"tacz:gun_smith_table":1,"minecraft:spruce_planks":9,"minecraft:cooked_chicken":7,"minecraft:netherrack":48,"minecraft:torch":367,"minecraft:dirt":177,"minecraft:anvil":1,"scalinghealth:heart_crystal":1,"toughasnails:empty_canteen":15,"minecraft:cobblestone_wall":4,"minecraft:diamond_helmet":1,"minecraft:granite":9,"minecraft:oak_fence_gate":16,"minecraft:iron_hoe":141,"minecraft:wooden_axe":38,"create:wrench":4,"mutantmonsters:creeper_shard":1,"marbledsarsenal:black_juggernaut_armor_chestplate":1,"minecraft:iron_boots":1,"create:cart_assembler":1,"scalinghealth:power_crystal":1,"minecraft:barrel":1,"minecraft:diamond_chestplate":1,"minecraft:oxidized_copper":3,"travelersbackpack:sponge":4,"tombstone:gift":9,"minecraft:cooked_beef":3,"minecraft:cobbled_deepslate":225,"minecraft:iron_leggings":7,"minecraft:pointed_dripstone":3,"minecraft:calcite":223,"minecraft:wheat_seeds":9,"boh:cooked_venison":6,"minecraft:water_bucket":7,"minecraft:snow_block":3,"minecraft:polished_andesite":2,"minecraft:glass_bottle":80,"minecraft:baked_potato":159,"marbledsarsenal:black_juggernaut_armor_helmet":1,"storagedrawers:spruce_full_drawers_4":9,"minecraft:cauldron":3,"minecraft:gilded_blackstone":1,"minecraft:cracked_stone_bricks":4,"create:furnace_minecart_contraption":1,"create:cut_calcite_bricks":7,"minecraft:rail":5,"minecraft:crafting_table":4,"minecraft:white_bed":1,"minecraft:spruce_log":2,"minecraft:oak_log":1,"tombstone:bag_of_seeds":2,"minecraft:diamond_pickaxe":4697,"minecraft:apple":2,"dramaticdoors:tall_oak_door":4,"minecraft:diamond_shovel":367,"minecraft:oak_button":2,"minecraft:iron_pickaxe":2054,"tombstone:magic_scroll":3,"storagedrawers:oak_full_drawers_4":27,"travelersbackpack:standard":5,"minecraft:cobblestone":116,"minecraft:potion":1,"toughasnails:purified_water_bottle":76,"minecraft:white_banner":1,"toughasnails:purified_water_canteen":75,"minecraft:bucket":57,"minecraft:yellow_bed":1,"minecraft:stripped_oak_log":3,"storagedrawers:drawer_key":2,"minecraft:dandelion":3,"minecraft:diamond_leggings":3,"minecraft:smooth_stone":9,"minecraft:chainmail_leggings":1},"minecraft:killed":{"endofherobrine:silverfish":11,"minecraft:witch":1,"minecraft:spider":26,"minecraft:skeleton":67,"minecraft:bee":1,"minecraft:chicken":5,"boh:rat":1,"minecraft:pig":1,"minecraft:zombie_villager":1,"alexsmobs:seal":1,"mutantmonsters:mutant_skeleton":2,"minecraft:creeper":92,"boh:deer":18,"minecraft:sheep":11,"minecraft:pillager":5,"minecraft:zombie":64,"endofherobrine:cow":2,"mutantmonsters:mutant_creeper":3,"minecraft:cow":6,"minecraft:slime":1,"minecraft:phantom":6,"minecraft:horse":1,"boh:souichi":1,"boh:deer_mimic":1,"mutantmonsters:creeper_minion":48,"alexsmobs:crow":1,"endofherobrine:sheep":25,"minecraft:enderman":4},"minecraft:crafted":{"minecraft:grindstone":2,"minecraft:oak_planks":377,"minecraft:rotten_flesh":3,"minecraft:barrel":28,"minecraft:stone":2,"minecraft:diamond_shovel":1,"minecraft:bookshelf":15,"create:deployer":2,"create:rotation_speed_controller":1,"minecraft:quartz_block":192,"minecraft:glass":48,"minecraft:hopper":16,"minecraft:repeater":1,"minecraft:diamond_helmet":3,"minecraft:diamond_leggings":4,"minecraft:iron_boots":2,"tombstone:grave_key":1,"minecraft:chest":25,"storagedrawers:oak_full_drawers_4":24,"create:brass_hand":2,"minecraft:oak_slab":60,"dramaticdoors:tall_oak_door":2,"create:rose_quartz":2,"minecraft:crafting_table":1,"minecraft:spruce_planks":72,"tacz:ammo_box":1,"minecraft:iron_helmet":2,"skilltree:iron_ring":1,"minecraft:wooden_pickaxe":2,"skilltree:gem":53,"skilltree:scholar_necklace":1,"storagedrawers:oak_full_drawers_1":2,"minecraft:smithing_table":1,"minecraft:copper_ingot":284,"minecraft:birch_planks":2,"minecraft:string":9,"minecraft:iron_chestplate":2,"minecraft:diamond_pickaxe":2,"minecraft:charcoal":1,"minecraft:stick":51,"storagedrawers:fill_level_upgrade":1,"minecraft:stone_slab":2,"minecraft:iron_ingot":207,"minecraft:iron_pickaxe":1,"minecraft:iron_block":4,"minecraft:snow_block":3,"minecraft:gold_ingot":522,"minecraft:redstone_torch":3,"storagedrawers:upgrade_template":8,"toughasnails:empty_canteen":1,"tombstone:book_of_disenchantment":1,"minecraft:oak_door":3,"pointblank:guninternals":24,"minecraft:redstone":3,"minecraft:spider_eye":1,"minecraft:iron_nugget":13,"storagedrawers:quantify_key":1,"minecraft:furnace":4,"storagedrawers:spruce_full_drawers_4":4,"minecraft:bone_meal":18,"travelersbackpack:magma_cube":1,"minecraft:ender_pearl":1,"minecraft:stone_pickaxe":4,"create:fluid_tank":28,"minecraft:diamond_boots":4,"skilltree:golden_ring":1,"create:electron_tube":2,"storagedrawers:diamond_storage_upgrade":4,"create:andesite_alloy":52,"minecraft:diamond_sword":1,"pointblank:gunmetal_ingot":130,"minecraft:enchanting_table":1,"minecraft:iron_sword":1,"tacz:gun_smith_table":1,"mobdropsrecipes_overworld:overworld_essence_common":254,"scalinghealth:heart_crystal":15,"minecraft:air":1286,"minecraft:gold_nugget":9,"minecraft:gunpowder":26,"minecraft:wooden_axe":1,"minecraft:writable_book":1,"minecraft:iron_leggings":4,"minecraft:anvil":1,"create:mechanical_drill":12,"minecraft:torch":75,"create:zinc_ingot":9,"minecraft:diamond_chestplate":3},"minecraft:broken":{"minecraft:diamond_helmet":1,"minecraft:iron_boots":2,"minecraft:stone_pickaxe":1,"minecraft:iron_sword":1,"minecraft:iron_helmet":3,"toughasnails:purified_water_canteen":14},"minecraft:killed_by":{"endofherobrine:cow":1,"minecraft:creeper":12,"minecraft:drowned":3,"endofherobrine:sheep":2,"mutantmonsters:mutant_creeper":5,"minecraft:witch":1,"minecraft:zombie":26,"minecraft:spider":4,"minecraft:enderman":2,"mutantmonsters:mutant_skeleton":3,"minecraft:skeleton":21,"endofherobrine:silverfish":1},"minecraft:dropped":{"marbledsarsenal:black_juggernaut_armor_chestplate":1,"create:vertical_gearbox":2,"minecraft:iron_sword":2,"minecraft:moss_block":42,"minecraft:oak_pressure_plate":2,"minecraft:oak_log":9,"create:fluid_tank":28,"farmersdelight:tatami":3,"minecraft:music_disc_13":1,"minecraft:leather_helmet":1,"minecraft:rail":1,"minecraft:flint":3,"minecraft:cyan_terracotta":16,"create:linear_chassis":2,"minecraft:dirt":31,"minecraft:snowball":40,"minecraft:gilded_blackstone":31,"create:goggles":2,"create:iron_sheet":1,"create:large_cogwheel":1,"minecraft:iron_pickaxe":4,"marbledsarsenal:black_juggernaut_armor_leggings":1,"minecraft:bone":13,"minecraft:gravel":377,"minecraft:obsidian":5,"boh:venison":5,"create:asurine":9,"minecraft:chainmail_chestplate":4,"minecraft:leather_chestplate":1,"minecraft:melon_seeds":1,"minecraft:chainmail_boots":2,"create:wrench":1,"minecraft:leather_boots":6,"farmersdelight:rope":7,"create:brass_ingot":58,"minecraft:arrow":56,"minecraft:netherrack":364,"minecraft:quartz":109,"minecraft:enchanted_book":4,"minecraft:enchanting_table":1,"minecraft:oak_leaves":1,"minecraft:water_bucket":1,"minecraft:iron_ingot":4,"minecraft:wheat_seeds":4,"farmersdelight:skillet":1,"scalinghealth:cursed_heart":4,"create:mechanical_saw":1,"minecraft:bookshelf":15,"minecraft:dripstone_block":8,"minecraft:diamond_leggings":3,"minecraft:poisonous_potato":1,"minecraft:cobblestone":1,"scalinghealth:heart_crystal_shard":13,"farmersdelight:tree_bark":22,"create:precision_mechanism":2,"minecraft:granite":17,"minecraft:copper_ingot":51,"minecraft:chainmail_helmet":2,"minecraft:polished_andesite":11,"create:andesite_casing":3,"minecraft:lava_bucket":3,"tacz:ammo_box":1,"farmersdelight:golden_knife":1,"tombstone:magic_scroll":3,"minecraft:lodestone":2,"skilltree:gem":8,"minecraft:diamond_helmet":1,"minecraft:iron_leggings":8,"tacz:modern_kinetic_gun":20,"minecraft:iron_axe":2,"mcwbridges:andesite_bridge":2,"minecraft:music_disc_wait":1,"minecraft:smooth_stone":17,"minecraft:chainmail_leggings":4,"create:mechanical_drill":9,"minecraft:string":17,"minecraft:bucket":3,"create:sand_paper":2,"farmersdelight:rotten_tomato":1,"minecraft:sweet_berries":1,"create:ochrum":4,"marbledsarsenal:black_juggernaut_armor_boots":1,"minecraft:raw_copper":128,"minecraft:cobblestone_wall":1,"create:furnace_minecart_contraption":3,"minecraft:coarse_dirt":581,"minecraft:tuff":53,"minecraft:smooth_stone_slab":1,"farmersdelight:cabbage_seeds":4,"minecraft:iron_boots":2,"minecraft:iron_hoe":1,"minecraft:stripped_oak_log":1,"minecraft:name_tag":1,"scalinghealth:power_crystal_shard":8,"create:copper_sheet":32,"minecraft:shears":1,"create:cart_assembler":1,"minecraft:stone":8,"minecraft:gray_terracotta":2,"minecraft:shield":7,"minecraft:oak_button":1,"minecraft:diamond_chestplate":2,"create:zinc_ingot":50,"minecraft:diamond_pickaxe":3,"minecraft:iron_chestplate":4,"minecraft:andesite":116,"create:brass_casing":8,"marbledsarsenal:black_juggernaut_armor_helmet":1,"minecraft:stone_bricks":5,"toughasnails:purified_water_bottle":1,"minecraft:oak_sapling":2,"create:deployer":3,"minecraft:stone_pickaxe":2,"minecraft:golden_sword":1,"tacz:ammo":110,"minecraft:diamond_boots":3,"minecraft:bow":6,"minecraft:wooden_pickaxe":1,"waystones:waystone":2,"minecraft:calcite":10,"skilltree:golden_ring":1},"minecraft:mined":{"create:deepslate_zinc_ore":37,"minecraft:spruce_planks":9,"minecraft:white_bed":1,"minecraft:oak_sapling":1,"minecraft:farmland":22,"create:andesite_casing":14,"create:cut_calcite_bricks":1,"minecraft:granite":26,"travelersbackpack:sponge":2,"minecraft:grass_block":5,"minecraft:oak_pressure_plate":8,"create:tiled_glass":1,"minecraft:spawner":12,"minecraft:gilded_blackstone":1,"minecraft:light_blue_stained_glass":1,"minecraft:smooth_stone":9,"minecraft:magma_block":18,"minecraft:cobbled_deepslate":13,"minecraft:barrel":1,"minecraft:iron_ore":623,"minecraft:fire":7,"minecraft:anvil":4,"create:asurine":9,"create:cogwheel":3,"minecraft:deepslate_redstone_ore":35,"minecraft:gray_terracotta":2,"minecraft:quartz_block":14,"minecraft:cyan_terracotta":66,"scalinghealth:deepslate_heart_crystal_ore":1,"minecraft:torch":9,"minecraft:calcite":81,"minecraft:oxidized_copper":3,"minecraft:chest":9,"minecraft:white_stained_glass_pane":2,"create:brass_casing":8,"minecraft:nether_quartz_ore":738,"farmersdelight:cabbages":9,"minecraft:glass":1,"minecraft:cobblestone":10,"minecraft:oak_planks":3,"minecraft:iron_door":1,"minecraft:wall_torch":32,"minecraft:deepslate_copper_ore":8,"minecraft:wheat":8,"mutantmonsters:mutant_skeleton_skull":1,"minecraft:smooth_stone_slab":76,"minecraft:grass":16,"minecraft:oak_log":1,"minecraft:oak_fence_gate":7,"minecraft:lime_terracotta":5,"minecraft:sand":84,"minecraft:dirt":60,"minecraft:netherrack":782,"minecraft:oak_leaves":31,"minecraft:deepslate":924,"create:zinc_ore":41,"minecraft:tuff":78,"minecraft:deepslate_diamond_ore":157,"minecraft:oak_door":1,"minecraft:lever":1,"mcwdoors:garage_white_door":11,"create:large_cogwheel":5,"create:ochrum":4,"minecraft:spruce_leaves":24,"minecraft:moss_block":42,"minecraft:redstone_ore":14,"minecraft:furnace":2,"minecraft:carrots":5,"minecraft:snow":10,"minecraft:andesite":1594,"minecraft:green_terracotta":14,"minecraft:stripped_spruce_log":4,"minecraft:polished_deepslate":4,"minecraft:bookshelf":18,"minecraft:potatoes":48,"minecraft:deepslate_iron_ore":36,"minecraft:stone":350,"minecraft:white_wool":2,"minecraft:birch_pressure_plate":5,"storagedrawers:oak_full_drawers_4":1,"minecraft:crafting_table":4,"minecraft:tall_grass":4,"minecraft:copper_ore":485,"endofherobrine:glowing_obsidian":6,"mcwdoors:metal_windowed_door":2,"minecraft:deepslate_gold_ore":111,"minecraft:lapis_ore":9,"minecraft:diorite":5,"minecraft:coarse_dirt":342,"dramaticdoors:tall_oak_door":1,"minecraft:spruce_log":20,"minecraft:yellow_bed":1,"farmersdelight:tatami":18,"k_turrets:titanium_ore":4,"minecraft:coal_ore":601,"minecraft:dripstone_block":8,"minecraft:gravel":74,"pointblank:workstation":1,"minecraft:cobweb":26,"minecraft:lodestone":1,"storagedrawers:spruce_full_drawers_4":1,"minecraft:cracked_stone_bricks":2,"minecraft:polished_andesite":1,"minecraft:stone_bricks":14,"minecraft:mossy_stone_bricks":1,"minecraft:gold_ore":35},"minecraft:custom":{"minecraft:interact_with_crafting_table":174,"minecraft:open_barrel":41,"minecraft:leave_game":20,"minecraft:time_since_death":15744,"minecraft:damage_resisted":148,"minecraft:sprint_one_cm":5219719,"minecraft:damage_blocked_by_shield":2286,"minecraft:drop":425,"minecraft:talked_to_villager":3,"minecraft:play_time":1536406,"minecraft:deaths":83,"minecraft:jump":11902,"minecraft:interact_with_brewingstand":1,"minecraft:walk_on_water_one_cm":36541,"minecraft:interact_with_furnace":153,"minecraft:play_record":2,"minecraft:sleep_in_bed":48,"minecraft:waystone_activated":1,"tombstone:sneak_grave":3,"minecraft:damage_dealt":62515,"tombstone:use_disenchantment":1,"minecraft:crouch_one_cm":25693,"tombstone:undead_killed":134,"minecraft:interact_with_smoker":42,"minecraft:use_cauldron":28,"minecraft:horse_one_cm":5318,"minecraft:interact_with_smithing_table":5,"minecraft:interact_with_anvil":19,"minecraft:mob_kills":435,"minecraft:inspect_hopper":7,"minecraft:damage_dealt_resisted":4683,"minecraft:climb_one_cm":33986,"minecraft:walk_one_cm":4762336,"tombstone:consume_soul":1,"minecraft:sneak_time":22059,"minecraft:walk_under_water_one_cm":9365,"minecraft:interact_with_blast_furnace":27,"minecraft:total_world_time":1536406,"spartanshields:shield_bash_hits":6,"tombstone:raider_killed":6,"minecraft:interact_with_grindstone":8,"minecraft:interact_with_stonecutter":7,"minecraft:time_since_rest":3618,"minecraft:damage_taken":39732,"minecraft:swim_one_cm":7713,"minecraft:fly_one_cm":1459925,"minecraft:open_chest":926,"minecraft:fall_one_cm":126594}},"DataVersion":3465}