{"stats":{"minecraft:picked_up":{"minecraft:iron_chestplate":3,"minecraft:chainmail_boots":2,"minecraft:anvil":8,"minecraft:diamond_sword":1,"minecraft:stone_slab":3,"create:wrench":2,"minecraft:enchanted_book":1,"minecraft:polished_deepslate":4,"minecraft:music_disc_cat":1,"minecraft:string":73,"minecraft:cobbled_deepslate":952,"create:cart_assembler":2,"minecraft:gold_nugget":1,"minecraft:spruce_planks":9,"pointblank:workstation":1,"create:andesite_casing":17,"minecraft:golden_chestplate":1,"minecraft:green_terracotta":14,"create:scoria":2,"create:ochrum":4,"minecraft:cyan_terracotta":142,"mcwdoors:metal_windowed_door":4,"farmersdelight:rope":7,"marbledsarsenal:black_juggernaut_armor_leggings":1,"mcwdoors:garage_white_door":18,"minecraft:iron_bars":3,"minecraft:snowball":99,"minecraft:birch_log":21,"storagedrawers:oak_full_drawers_4":9,"minecraft:oxidized_copper":3,"minecraft:magma_block":39,"minecraft:feather":13,"minecraft:cooked_beef":1,"minecraft:iron_door":4,"minecraft:water_bucket":1,"minecraft:flint":139,"farmersdelight:tomato":11,"create:encased_chain_drive":1,"tacz:ammo_box":1,"minecraft:gray_terracotta":2,"create:goggles":3,"minecraft:moss_block":42,"minecraft:lime_terracotta":5,"create:copycat_panel":1,"minecraft:stripped_spruce_log":27,"mcwbridges:andesite_bridge":2,"create:tiled_glass":4,"minecraft:barrel":1,"minecraft:iron_hoe":4,"dramaticdoors:tall_oak_door":2,"minecraft:polished_andesite":11,"minecraft:lever":2,"minecraft:granite":26,"minecraft:chainmail_helmet":2,"minecraft:bread":3,"create:precision_mechanism":1,"minecraft:diamond_pickaxe":2,"create:copper_sheet":32,"minecraft:coarse_dirt":650,"minecraft:crafting_table":4,"tacz:ammo":1998,"minecraft:cracked_stone_bricks":4,"minecraft:beef":13,"minecraft:iron_nugget":6,"minecraft:chest":27,"minecraft:birch_sapling":1,"minecraft:egg":4,"minecraft:oak_door":1,"minecraft:fire_charge":2,"pointblank:gunmetal_nugget":737,"minecraft:carrot":17,"minecraft:redstone":274,"create:brass_casing":9,"create:vertical_gearbox":2,"mutantmonsters:creeper_shard":1,"minecraft:shears":1,"minecraft:gold_ingot":6,"create:cut_calcite_bricks":7,"minecraft:mutton":50,"minecraft:rail":7,"minecraft:white_wool":31,"minecraft:stripped_oak_log":5,"create:iron_sheet":1,"minecraft:oak_log":554,"toughasnails:purified_water_bottle":1,"scalinghealth:bandages":9,"minecraft:golden_boots":1,"farmersdelight:skillet":1,"mutantmonsters:mutant_skeleton_limb":1,"scalinghealth:medkit":1,"minecraft:white_banner":1,"minecraft:birch_pressure_plate":8,"minecraft:stone_bricks":39,"minecraft:apple":2,"minecraft:oak_fence_gate":16,"scalinghealth:power_crystal_shard":12,"marbledsarsenal:black_juggernaut_armor_helmet":1,"tombstone:bag_of_seeds":2,"minecraft:glass_bottle":2,"minecraft:iron_sword":16,"create:mechanical_saw":1,"minecraft:sweet_berries":9,"minecraft:gravel":354,"marbledsarsenal:black_juggernaut_armor_boots":1,"minecraft:spruce_sapling":12,"minecraft:spruce_log":58,"minecraft:leather_helmet":1,"travelersbackpack:standard":1,"minecraft:slime_ball":2,"tacz:modern_kinetic_gun":23,"minecraft:lodestone":3,"minecraft:oak_button":3,"minecraft:melon_seeds":1,"minecraft:ender_pearl":3,"minecraft:wheat":7,"boh:spinel":20,"minecraft:potion":1,"minecraft:gilded_blackstone":32,"create:furnace_minecart_contraption":3,"mutantmonsters:mutant_skeleton_skull":1,"minecraft:raw_copper":1877,"minecraft:smooth_stone_slab":194,"minecraft:iron_leggings":5,"create:sand_paper":2,"farmersdelight:cabbage":8,"minecraft:bucket":4,"minecraft:smooth_stone":29,"minecraft:redstone_torch":1,"minecraft:calcite":266,"minecraft:iron_pickaxe":3,"minecraft:furnace":2,"farmersdelight:cabbage_seeds":29,"minecraft:iron_boots":3,"minecraft:stick":5,"farmersdelight:rotten_tomato":1,"minecraft:torch":66,"storagedrawers:spruce_full_drawers_4":5,"minecraft:porkchop":1,"tacz:attachment":8,"minecraft:diorite":5,"tombstone:grave_dust":24,"create:large_cogwheel":16,"minecraft:quartz_block":14,"minecraft:rotten_flesh":135,"minecraft:music_disc_ward":2,"farmersdelight:tree_bark":22,"create:asurine":9,"minecraft:music_disc_wait":1,"minecraft:cobblestone":395,"minecraft:leather_chestplate":1,"minecraft:andesite":1599,"minecraft:golden_leggings":1,"minecraft:potato":151,"paraglider:spirit_orb":18,"storagedrawers:drawer_key":1,"minecraft:tuff":87,"create:raw_zinc":143,"create:incomplete_precision_mechanism":1,"skilltree:gem":552,"minecraft:lapis_lazuli":57,"minecraft:dirt":261,"minecraft:name_tag":1,"minecraft:leather_boots":5,"minecraft:bone":146,"minecraft:bow":6,"minecraft:wheat_seeds":26,"minecraft:raw_gold":281,"marbledsarsenal:black_juggernaut_armor_chestplate":1,"minecraft:mossy_stone_bricks":2,"minecraft:oak_planks":25,"minecraft:music_disc_13":1,"create:cogwheel":19,"minecraft:oak_pressure_plate":8,"minecraft:poisonous_potato":1,"minecraft:sand":82,"minecraft:grass_block":1,"minecraft:slime_block":2,"minecraft:diamond":296,"waystones:waystone":1,"minecraft:crossbow":1,"scalinghealth:cursed_heart":3,"minecraft:oak_sapling":28,"minecraft:netherrack":1165,"minecraft:oak_leaves":2,"boh:venison":39,"minecraft:chicken":6,"minecraft:shield":7,"minecraft:iron_axe":3,"minecraft:blackstone":1,"skilltree:golden_ring":1,"create:linear_chassis":2,"minecraft:raw_iron":825,"minecraft:copper_ingot":34,"create:zinc_ingot":1,"create:deployer":1,"travelersbackpack:sponge":3,"minecraft:arrow":148,"k_turrets:raw_titanium":9,"minecraft:saddle":1,"minecraft:leather":34,"minecraft:birch_planks":26,"minecraft:chainmail_chestplate":3,"minecraft:yellow_bed":2,"minecraft:gunpowder":269,"minecraft:cobblestone_wall":4,"create:blaze_burner":1,"farmersdelight:tatami":23,"scalinghealth:heart_crystal":39,"minecraft:iron_ingot":3,"minecraft:cooked_chicken":6,"minecraft:book":54,"scalinghealth:heart_crystal_shard":103,"minecraft:quartz":2074,"minecraft:dripstone_block":12,"minecraft:lava_bucket":2,"minecraft:amethyst_shard":5,"minecraft:white_bed":1,"minecraft:spider_eye":11,"create:brass_ingot":56,"minecraft:chainmail_leggings":4,"minecraft:iron_helmet":1,"tombstone:magic_scroll":8,"minecraft:coal":678},"minecraft:killed":{"minecraft:skeleton":67,"minecraft:chicken":5,"boh:rat":1,"alexsmobs:seal":1,"mutantmonsters:mutant_skeleton":2,"minecraft:pillager":5,"minecraft:zombie":68,"mutantmonsters:mutant_creeper":3,"minecraft:cow":6,"minecraft:horse":1,"mutantmonsters:creeper_minion":48,"minecraft:enderman":4,"endofherobrine:silverfish":11,"minecraft:witch":1,"minecraft:spider":26,"minecraft:bee":1,"minecraft:pig":1,"minecraft:zombie_villager":1,"minecraft:creeper":92,"boh:deer":18,"minecraft:sheep":11,"endofherobrine:cow":2,"minecraft:slime":1,"minecraft:phantom":7,"boh:souichi":1,"boh:deer_mimic":1,"alexsmobs:crow":1,"endofherobrine:sheep":25},"minecraft:used":{"minecraft:chest":6,"create:tiled_glass":4,"minecraft:azure_bluet":1,"minecraft:snowball":48,"minecraft:stripped_spruce_log":27,"minecraft:lava_bucket":38,"minecraft:music_disc_ward":2,"minecraft:quartz_block":6,"create:rotation_speed_controller":1,"minecraft:sweet_berries":8,"minecraft:furnace":6,"minecraft:oak_sapling":8,"minecraft:egg":4,"minecraft:potato":44,"minecraft:mossy_stone_bricks":2,"minecraft:diorite":5,"minecraft:blackstone":1,"minecraft:wooden_pickaxe":26,"minecraft:oak_leaves":1,"minecraft:sand":1,"farmersdelight:tatami":26,"mutantmonsters:mutant_skeleton_skull":1,"scalinghealth:enchanted_heart":3,"spartanshields:diamond_tower_shield":4,"minecraft:oak_pressure_plate":6,"minecraft:diamond_sword":825,"travelersbackpack:magma_cube":1,"minecraft:smithing_table":1,"minecraft:birch_log":3,"minecraft:iron_bars":4,"minecraft:netherrack":50,"minecraft:torch":367,"minecraft:anvil":1,"minecraft:oak_fence_gate":16,"create:wrench":4,"mutantmonsters:creeper_shard":1,"marbledsarsenal:black_juggernaut_armor_chestplate":1,"minecraft:barrel":1,"minecraft:diamond_chestplate":1,"minecraft:oxidized_copper":3,"tombstone:gift":9,"minecraft:cobbled_deepslate":225,"minecraft:pointed_dripstone":3,"minecraft:calcite":223,"minecraft:wheat_seeds":9,"minecraft:water_bucket":7,"boh:cooked_venison":6,"storagedrawers:spruce_full_drawers_4":9,"minecraft:cauldron":3,"create:furnace_minecart_contraption":1,"minecraft:cracked_stone_bricks":4,"minecraft:gilded_blackstone":1,"minecraft:rail":5,"minecraft:crafting_table":4,"minecraft:white_bed":1,"minecraft:spruce_log":2,"minecraft:oak_log":1,"minecraft:diamond_pickaxe":5443,"minecraft:diamond_shovel":367,"minecraft:oak_button":2,"minecraft:iron_pickaxe":2054,"tombstone:magic_scroll":3,"minecraft:cobblestone":116,"minecraft:potion":1,"travelersbackpack:standard":5,"storagedrawers:oak_full_drawers_4":28,"toughasnails:purified_water_canteen":80,"minecraft:stripped_oak_log":3,"minecraft:dandelion":3,"minecraft:diamond_leggings":3,"minecraft:polished_deepslate":132,"minecraft:shield":31,"minecraft:iron_sword":433,"minecraft:green_terracotta":4,"minecraft:iron_chestplate":4,"minecraft:birch_pressure_plate":8,"mcwdoors:garage_white_door":16,"create:cogwheel":3,"minecraft:carrot":4,"minecraft:tuff":55,"minecraft:glass":1,"minecraft:cyan_terracotta":110,"farmersdelight:tomato":1,"create:scoria":2,"minecraft:stone_bricks":21,"pointblank:workstation":1,"mcwdoors:metal_windowed_door":4,"create:mechanical_drill":3,"minecraft:stone_pickaxe":366,"minecraft:oak_planks":3,"toughasnails:water_canteen":1,"minecraft:white_wool":2,"minecraft:dripstone_block":3,"minecraft:shears":2,"minecraft:lever":2,"minecraft:bread":5,"tombstone:grave_key":13,"minecraft:iron_door":2,"minecraft:gravel":8,"storagedrawers:quantify_key":20,"minecraft:grindstone":2,"minecraft:andesite":493,"minecraft:smooth_stone_slab":156,"minecraft:coarse_dirt":68,"marbledsarsenal:black_juggernaut_armor_leggings":1,"minecraft:bone_meal":46,"create:large_cogwheel":3,"farmersdelight:diamond_knife":37,"tacz:gun_smith_table":1,"minecraft:spruce_planks":9,"minecraft:cooked_chicken":7,"minecraft:dirt":177,"scalinghealth:heart_crystal":1,"toughasnails:empty_canteen":16,"minecraft:cobblestone_wall":4,"minecraft:diamond_helmet":1,"minecraft:granite":9,"minecraft:iron_hoe":141,"minecraft:wooden_axe":38,"minecraft:iron_boots":1,"create:cart_assembler":1,"scalinghealth:power_crystal":1,"travelersbackpack:sponge":4,"minecraft:cooked_beef":3,"minecraft:iron_leggings":7,"minecraft:snow_block":3,"minecraft:glass_bottle":80,"minecraft:polished_andesite":2,"minecraft:baked_potato":165,"marbledsarsenal:black_juggernaut_armor_helmet":1,"create:cut_calcite_bricks":7,"tombstone:bag_of_seeds":2,"minecraft:apple":2,"dramaticdoors:tall_oak_door":4,"toughasnails:purified_water_bottle":76,"minecraft:white_banner":1,"minecraft:bucket":60,"minecraft:yellow_bed":1,"storagedrawers:drawer_key":2,"minecraft:smooth_stone":9,"minecraft:chainmail_leggings":1},"minecraft:crafted":{"minecraft:rotten_flesh":3,"spartanshields:wooden_tower_shield":1,"minecraft:diamond_shovel":1,"minecraft:bookshelf":15,"minecraft:glass":48,"minecraft:quartz_block":320,"create:rotation_speed_controller":1,"minecraft:diamond_helmet":3,"minecraft:repeater":1,"minecraft:diamond_leggings":4,"storagedrawers:oak_full_drawers_4":24,"dramaticdoors:tall_oak_door":2,"spartanshields:diamond_tower_shield":1,"create:rose_quartz":2,"skilltree:gem":54,"skilltree:iron_ring":1,"skilltree:scholar_necklace":1,"storagedrawers:oak_full_drawers_1":2,"minecraft:smithing_table":1,"minecraft:copper_ingot":284,"minecraft:stone_slab":2,"minecraft:iron_pickaxe":1,"minecraft:iron_block":4,"minecraft:gold_ingot":522,"storagedrawers:upgrade_template":8,"tombstone:book_of_disenchantment":1,"pointblank:guninternals":24,"minecraft:spider_eye":1,"minecraft:iron_nugget":13,"storagedrawers:spruce_full_drawers_4":4,"minecraft:bone_meal":18,"travelersbackpack:magma_cube":1,"minecraft:ender_pearl":1,"minecraft:stone_pickaxe":4,"minecraft:diamond_boots":4,"skilltree:golden_ring":1,"create:electron_tube":2,"minecraft:enchanting_table":1,"tacz:gun_smith_table":1,"mobdropsrecipes_overworld:overworld_essence_common":254,"minecraft:gunpowder":26,"minecraft:wooden_axe":1,"minecraft:writable_book":1,"minecraft:iron_leggings":4,"minecraft:grindstone":2,"minecraft:oak_planks":378,"minecraft:barrel":28,"minecraft:stone":2,"create:deployer":2,"minecraft:hopper":16,"minecraft:iron_boots":2,"tombstone:grave_key":1,"minecraft:chest":25,"create:brass_hand":2,"minecraft:oak_slab":60,"minecraft:crafting_table":1,"minecraft:spruce_planks":72,"tacz:ammo_box":2,"minecraft:wooden_pickaxe":2,"minecraft:iron_helmet":2,"minecraft:birch_planks":2,"minecraft:string":9,"minecraft:iron_chestplate":2,"minecraft:charcoal":1,"minecraft:diamond_pickaxe":2,"storagedrawers:fill_level_upgrade":1,"minecraft:stick":51,"minecraft:iron_ingot":207,"minecraft:snow_block":3,"minecraft:redstone_torch":3,"toughasnails:empty_canteen":1,"minecraft:oak_door":3,"minecraft:redstone":3,"storagedrawers:quantify_key":1,"minecraft:furnace":4,"minecraft:slime_ball":2,"create:fluid_tank":28,"storagedrawers:diamond_storage_upgrade":4,"create:andesite_alloy":52,"minecraft:diamond_sword":1,"pointblank:gunmetal_ingot":130,"minecraft:iron_sword":1,"scalinghealth:heart_crystal":15,"minecraft:air":1436,"minecraft:gold_nugget":9,"minecraft:anvil":1,"create:mechanical_drill":12,"minecraft:torch":75,"create:zinc_ingot":9,"minecraft:diamond_chestplate":3},"minecraft:broken":{"minecraft:diamond_helmet":1,"minecraft:iron_boots":2,"minecraft:iron_sword":1,"minecraft:iron_helmet":3,"toughasnails:purified_water_canteen":15,"minecraft:stone_pickaxe":1},"minecraft:killed_by":{"endofherobrine:sheep":2,"mutantmonsters:mutant_creeper":5,"minecraft:zombie":26,"mutantmonsters:mutant_skeleton":3,"endofherobrine:cow":1,"minecraft:creeper":12,"minecraft:drowned":3,"minecraft:witch":1,"minecraft:spider":4,"minecraft:enderman":2,"minecraft:skeleton":21,"endofherobrine:silverfish":1},"minecraft:dropped":{"minecraft:iron_sword":2,"marbledsarsenal:black_juggernaut_armor_chestplate":1,"minecraft:oak_pressure_plate":2,"farmersdelight:tatami":3,"create:fluid_tank":28,"minecraft:rail":1,"minecraft:leather_helmet":1,"minecraft:dirt":31,"create:goggles":2,"minecraft:iron_pickaxe":4,"minecraft:bone":13,"minecraft:golden_chestplate":1,"minecraft:obsidian":5,"create:asurine":9,"boh:venison":5,"create:wrench":1,"minecraft:leather_boots":6,"farmersdelight:rope":7,"minecraft:enchanted_book":4,"minecraft:golden_boots":1,"minecraft:iron_ingot":4,"minecraft:wheat_seeds":4,"farmersdelight:skillet":1,"minecraft:dripstone_block":8,"minecraft:cobblestone":1,"create:precision_mechanism":2,"minecraft:granite":17,"minecraft:chainmail_helmet":2,"minecraft:polished_andesite":11,"create:andesite_casing":3,"minecraft:lava_bucket":3,"minecraft:lodestone":2,"skilltree:gem":8,"minecraft:diamond_helmet":1,"minecraft:smooth_stone":17,"minecraft:chainmail_leggings":4,"minecraft:string":17,"create:mechanical_drill":9,"create:sand_paper":2,"create:ochrum":4,"minecraft:cobblestone_wall":1,"minecraft:smooth_stone_slab":1,"minecraft:iron_boots":2,"minecraft:name_tag":1,"create:copper_sheet":32,"scalinghealth:power_crystal_shard":8,"minecraft:shears":1,"minecraft:stone":8,"create:zinc_ingot":50,"minecraft:diamond_pickaxe":3,"marbledsarsenal:black_juggernaut_armor_helmet":1,"minecraft:stone_bricks":5,"tacz:ammo":158,"create:brass_casing":8,"minecraft:bow":6,"waystones:waystone":2,"skilltree:golden_ring":1,"create:vertical_gearbox":2,"minecraft:moss_block":42,"minecraft:oak_log":9,"minecraft:music_disc_13":1,"minecraft:flint":3,"minecraft:cyan_terracotta":16,"create:linear_chassis":2,"minecraft:snowball":40,"minecraft:gilded_blackstone":31,"create:iron_sheet":1,"create:large_cogwheel":1,"marbledsarsenal:black_juggernaut_armor_leggings":1,"minecraft:gravel":377,"minecraft:chainmail_chestplate":4,"minecraft:leather_chestplate":1,"minecraft:melon_seeds":1,"minecraft:chainmail_boots":2,"create:brass_ingot":58,"minecraft:arrow":56,"minecraft:quartz":109,"minecraft:oak_leaves":1,"minecraft:netherrack":620,"minecraft:enchanting_table":1,"minecraft:water_bucket":1,"create:mechanical_saw":1,"scalinghealth:cursed_heart":4,"minecraft:bookshelf":15,"minecraft:diamond_leggings":3,"minecraft:poisonous_potato":1,"scalinghealth:heart_crystal_shard":13,"farmersdelight:tree_bark":22,"minecraft:copper_ingot":51,"tacz:ammo_box":2,"farmersdelight:golden_knife":1,"tombstone:magic_scroll":3,"minecraft:iron_leggings":8,"tacz:modern_kinetic_gun":22,"minecraft:iron_axe":2,"minecraft:music_disc_wait":1,"mcwbridges:andesite_bridge":2,"minecraft:bucket":3,"farmersdelight:rotten_tomato":1,"minecraft:sweet_berries":1,"marbledsarsenal:black_juggernaut_armor_boots":1,"minecraft:coarse_dirt":581,"create:furnace_minecart_contraption":3,"minecraft:raw_copper":128,"minecraft:tuff":53,"farmersdelight:cabbage_seeds":4,"minecraft:iron_hoe":3,"minecraft:stripped_oak_log":1,"create:cart_assembler":1,"minecraft:gray_terracotta":2,"minecraft:shield":7,"minecraft:oak_button":1,"minecraft:diamond_chestplate":2,"minecraft:iron_chestplate":4,"minecraft:andesite":116,"toughasnails:purified_water_bottle":1,"minecraft:oak_sapling":2,"create:deployer":3,"minecraft:golden_sword":1,"minecraft:diamond_boots":3,"minecraft:stone_pickaxe":2,"minecraft:wooden_pickaxe":1,"minecraft:calcite":10},"minecraft:mined":{"minecraft:white_bed":1,"create:andesite_casing":14,"create:cut_calcite_bricks":1,"minecraft:granite":26,"minecraft:oak_pressure_plate":8,"minecraft:spawner":12,"minecraft:light_blue_stained_glass":1,"minecraft:magma_block":39,"minecraft:fire":7,"minecraft:barrel":1,"minecraft:cobbled_deepslate":13,"create:cogwheel":3,"scalinghealth:deepslate_heart_crystal_ore":1,"minecraft:torch":9,"minecraft:oxidized_copper":3,"minecraft:white_stained_glass_pane":2,"minecraft:glass":1,"farmersdelight:cabbages":9,"mutantmonsters:mutant_skeleton_skull":1,"minecraft:wheat":8,"minecraft:grass":16,"minecraft:oak_fence_gate":7,"minecraft:deepslate":924,"create:zinc_ore":41,"minecraft:moss_block":42,"minecraft:redstone_ore":14,"minecraft:snow":10,"minecraft:green_terracotta":14,"minecraft:andesite":1594,"minecraft:potatoes":48,"minecraft:white_wool":2,"storagedrawers:oak_full_drawers_4":2,"endofherobrine:glowing_obsidian":6,"minecraft:copper_ore":485,"minecraft:tall_grass":4,"minecraft:deepslate_gold_ore":111,"minecraft:diorite":5,"minecraft:coarse_dirt":342,"minecraft:spruce_log":20,"minecraft:gravel":74,"minecraft:dripstone_block":8,"minecraft:cobweb":26,"minecraft:stone_bricks":14,"minecraft:gold_ore":35,"create:deepslate_zinc_ore":37,"minecraft:spruce_planks":9,"minecraft:oak_sapling":1,"minecraft:farmland":22,"minecraft:grass_block":5,"travelersbackpack:sponge":2,"create:tiled_glass":1,"minecraft:gilded_blackstone":1,"minecraft:smooth_stone":9,"minecraft:iron_ore":623,"minecraft:anvil":4,"create:asurine":9,"minecraft:deepslate_redstone_ore":35,"minecraft:gray_terracotta":2,"minecraft:quartz_block":14,"minecraft:cyan_terracotta":68,"minecraft:calcite":81,"minecraft:chest":9,"create:brass_casing":8,"minecraft:nether_quartz_ore":1062,"minecraft:cobblestone":10,"minecraft:slime_block":2,"minecraft:oak_planks":3,"minecraft:iron_door":1,"minecraft:wall_torch":32,"minecraft:deepslate_copper_ore":8,"minecraft:birch_log":3,"minecraft:smooth_stone_slab":76,"minecraft:oak_log":1,"minecraft:lime_terracotta":5,"minecraft:sand":84,"minecraft:dirt":60,"minecraft:netherrack":1181,"minecraft:oak_leaves":31,"minecraft:tuff":78,"minecraft:deepslate_diamond_ore":157,"minecraft:oak_door":1,"minecraft:lever":1,"mcwdoors:garage_white_door":11,"create:large_cogwheel":5,"create:ochrum":4,"minecraft:spruce_leaves":24,"minecraft:furnace":2,"minecraft:carrots":5,"minecraft:stripped_spruce_log":4,"minecraft:polished_deepslate":4,"minecraft:bookshelf":18,"minecraft:deepslate_iron_ore":36,"minecraft:stone":350,"minecraft:birch_pressure_plate":5,"minecraft:crafting_table":4,"mcwdoors:metal_windowed_door":2,"minecraft:lapis_ore":9,"dramaticdoors:tall_oak_door":1,"minecraft:yellow_bed":1,"farmersdelight:tatami":20,"k_turrets:titanium_ore":4,"minecraft:coal_ore":601,"pointblank:workstation":1,"minecraft:lodestone":1,"storagedrawers:spruce_full_drawers_4":1,"minecraft:cracked_stone_bricks":2,"minecraft:polished_andesite":1,"minecraft:mossy_stone_bricks":1},"minecraft:custom":{"minecraft:interact_with_crafting_table":183,"minecraft:open_barrel":41,"minecraft:leave_game":20,"minecraft:time_since_death":69744,"minecraft:damage_blocked_by_shield":2551,"minecraft:play_time":1590406,"minecraft:deaths":83,"minecraft:jump":12122,"minecraft:interact_with_furnace":153,"minecraft:play_record":2,"minecraft:sleep_in_bed":49,"minecraft:waystone_activated":1,"tombstone:sneak_grave":3,"minecraft:damage_dealt":64770,"tombstone:use_disenchantment":1,"tombstone:undead_killed":139,"minecraft:interact_with_smoker":42,"minecraft:use_cauldron":28,"minecraft:horse_one_cm":5318,"minecraft:interact_with_smithing_table":5,"minecraft:interact_with_anvil":19,"minecraft:inspect_hopper":7,"minecraft:sneak_time":23697,"minecraft:interact_with_blast_furnace":29,"minecraft:total_world_time":1590406,"tombstone:raider_killed":7,"minecraft:interact_with_stonecutter":7,"minecraft:time_since_rest":43669,"minecraft:swim_one_cm":7713,"minecraft:fly_one_cm":1487177,"minecraft:open_chest":951,"minecraft:fall_one_cm":127401,"minecraft:damage_resisted":148,"minecraft:sprint_one_cm":5366017,"minecraft:drop":437,"minecraft:talked_to_villager":3,"minecraft:interact_with_brewingstand":1,"minecraft:walk_on_water_one_cm":36541,"minecraft:crouch_one_cm":27297,"minecraft:mob_kills":440,"minecraft:damage_dealt_resisted":4908,"minecraft:climb_one_cm":33986,"minecraft:walk_one_cm":4865207,"tombstone:consume_soul":1,"minecraft:walk_under_water_one_cm":9365,"spartanshields:shield_bash_hits":8,"minecraft:interact_with_grindstone":8,"minecraft:damage_taken":40004}},"DataVersion":3465}