{"stats":{"minecraft:picked_up":{"minecraft:iron_chestplate":3,"minecraft:chainmail_boots":2,"minecraft:anvil":8,"minecraft:diamond_sword":1,"minecraft:stone_slab":3,"create:wrench":2,"minecraft:enchanted_book":1,"minecraft:polished_deepslate":4,"minecraft:music_disc_cat":1,"minecraft:string":75,"minecraft:cobbled_deepslate":954,"create:cart_assembler":2,"minecraft:gold_nugget":1,"minecraft:spruce_planks":9,"pointblank:workstation":1,"create:andesite_casing":17,"create_sa:small_fueling_tank":1,"minecraft:golden_chestplate":2,"minecraft:green_terracotta":18,"create:scoria":2,"create:ochrum":4,"minecraft:cyan_terracotta":142,"mcwdoors:metal_windowed_door":4,"farmersdelight:rope":7,"marbledsarsenal:black_juggernaut_armor_leggings":1,"mcwdoors:garage_white_door":18,"minecraft:iron_bars":3,"minecraft:snowball":100,"minecraft:birch_log":21,"storagedrawers:oak_full_drawers_4":9,"minecraft:oxidized_copper":3,"minecraft:magma_block":66,"minecraft:feather":13,"minecraft:cooked_beef":1,"minecraft:iron_door":4,"minecraft:water_bucket":1,"minecraft:flint":139,"farmersdelight:tomato":11,"minecraft:lantern":1,"create:encased_chain_drive":1,"tacz:ammo_box":1,"minecraft:gray_terracotta":2,"create:goggles":3,"minecraft:moss_block":42,"minecraft:lime_terracotta":5,"create:copycat_panel":1,"minecraft:stripped_spruce_log":27,"mcwbridges:andesite_bridge":2,"create:tiled_glass":4,"minecraft:barrel":1,"minecraft:iron_hoe":4,"dramaticdoors:tall_oak_door":2,"minecraft:polished_andesite":11,"minecraft:lever":2,"minecraft:granite":26,"minecraft:chainmail_helmet":2,"minecraft:bread":3,"create:precision_mechanism":1,"minecraft:diamond_pickaxe":2,"create:copper_sheet":32,"minecraft:coarse_dirt":650,"minecraft:crafting_table":4,"minecraft:leather_leggings":1,"create:propeller":6,"tacz:ammo":1998,"minecraft:cracked_stone_bricks":4,"minecraft:beef":13,"minecraft:iron_nugget":6,"minecraft:chest":27,"minecraft:birch_sapling":1,"minecraft:egg":4,"minecraft:oak_door":1,"minecraft:fire_charge":2,"pointblank:gunmetal_nugget":820,"minecraft:carrot":17,"minecraft:redstone":274,"create:brass_casing":9,"create:vertical_gearbox":2,"mutantmonsters:creeper_shard":1,"minecraft:shears":1,"minecraft:yellow_terracotta":1,"minecraft:gold_ingot":6,"create:cut_calcite_bricks":7,"minecraft:mutton":50,"minecraft:rail":7,"minecraft:white_wool":31,"minecraft:stripped_oak_log":5,"create:iron_sheet":1,"create:brass_sheet":1,"minecraft:ancient_debris":2,"minecraft:oak_log":554,"toughasnails:purified_water_bottle":1,"scalinghealth:bandages":11,"minecraft:golden_boots":1,"farmersdelight:skillet":1,"mutantmonsters:mutant_skeleton_limb":1,"scalinghealth:medkit":1,"minecraft:white_banner":1,"minecraft:birch_pressure_plate":8,"minecraft:stone_bricks":39,"minecraft:apple":2,"minecraft:oak_fence_gate":16,"scalinghealth:power_crystal_shard":12,"marbledsarsenal:black_juggernaut_armor_helmet":1,"tombstone:bag_of_seeds":2,"minecraft:glass_bottle":2,"minecraft:iron_sword":16,"create:mechanical_saw":1,"minecraft:sweet_berries":9,"minecraft:gravel":354,"marbledsarsenal:black_juggernaut_armor_boots":1,"minecraft:spruce_sapling":12,"minecraft:spruce_log":58,"minecraft:leather_helmet":1,"travelersbackpack:standard":2,"minecraft:slime_ball":2,"tacz:modern_kinetic_gun":25,"minecraft:lodestone":3,"minecraft:oak_button":3,"minecraft:melon_seeds":1,"minecraft:ender_pearl":3,"minecraft:wheat":7,"create:mechanical_crafter":2,"boh:spinel":20,"minecraft:potion":3,"minecraft:gilded_blackstone":32,"create:furnace_minecart_contraption":3,"mutantmonsters:mutant_skeleton_skull":1,"minecraft:raw_copper":2052,"minecraft:smooth_stone_slab":194,"minecraft:iron_leggings":6,"create:sand_paper":2,"farmersdelight:cabbage":8,"minecraft:bucket":4,"minecraft:smooth_stone":29,"create:sturdy_sheet":1,"minecraft:redstone_torch":1,"minecraft:calcite":266,"minecraft:iron_pickaxe":3,"minecraft:furnace":2,"farmersdelight:cabbage_seeds":29,"minecraft:iron_boots":3,"minecraft:stick":5,"farmersdelight:rotten_tomato":1,"minecraft:torch":66,"storagedrawers:spruce_full_drawers_4":5,"minecraft:porkchop":1,"tacz:attachment":8,"minecraft:diorite":5,"tombstone:grave_dust":26,"create:large_cogwheel":23,"minecraft:quartz_block":15,"minecraft:rotten_flesh":142,"minecraft:music_disc_ward":2,"farmersdelight:tree_bark":22,"create:asurine":9,"minecraft:music_disc_wait":2,"minecraft:cobblestone":405,"minecraft:leather_chestplate":1,"minecraft:magma_cream":10,"minecraft:andesite":1674,"minecraft:golden_leggings":1,"minecraft:potato":151,"paraglider:spirit_orb":18,"storagedrawers:drawer_key":1,"minecraft:tuff":87,"create:raw_zinc":143,"create:incomplete_precision_mechanism":1,"skilltree:gem":647,"minecraft:lapis_lazuli":57,"minecraft:dirt":273,"minecraft:name_tag":1,"minecraft:leather_boots":6,"minecraft:bone":160,"minecraft:bow":8,"minecraft:wheat_seeds":26,"minecraft:raw_gold":281,"marbledsarsenal:black_juggernaut_armor_chestplate":1,"minecraft:mossy_stone_bricks":2,"minecraft:oak_planks":25,"minecraft:music_disc_13":2,"create:cogwheel":33,"minecraft:oak_pressure_plate":8,"minecraft:poisonous_potato":1,"minecraft:sand":82,"minecraft:grass_block":1,"pointblank:cp2077_tsunami_nekomata":1,"minecraft:slime_block":2,"minecraft:diamond":296,"waystones:waystone":1,"minecraft:crossbow":1,"scalinghealth:cursed_heart":3,"minecraft:oak_sapling":28,"minecraft:netherrack":1759,"minecraft:oak_leaves":2,"boh:venison":43,"minecraft:chicken":6,"minecraft:shield":7,"minecraft:iron_axe":3,"minecraft:blackstone":4,"skilltree:golden_ring":1,"create:linear_chassis":2,"minecraft:raw_iron":825,"minecraft:copper_ingot":34,"create_sa:steam_engine":1,"minecraft:music_disc_11":2,"create_sa:small_filling_tank":1,"create:zinc_ingot":1,"create:deployer":1,"travelersbackpack:sponge":3,"minecraft:arrow":168,"k_turrets:raw_titanium":9,"minecraft:saddle":1,"minecraft:leather":37,"minecraft:birch_planks":26,"create:andesite_alloy":7,"minecraft:chainmail_chestplate":4,"minecraft:yellow_bed":2,"minecraft:gunpowder":273,"minecraft:cobblestone_wall":4,"create:blaze_burner":1,"farmersdelight:tatami":23,"scalinghealth:heart_crystal":39,"minecraft:iron_ingot":3,"minecraft:cooked_chicken":6,"minecraft:book":54,"scalinghealth:heart_crystal_shard":103,"minecraft:quartz":3342,"minecraft:dripstone_block":12,"minecraft:lava_bucket":2,"minecraft:amethyst_shard":5,"minecraft:white_bed":1,"minecraft:spider_eye":11,"create:brass_ingot":62,"create:encased_fan":4,"minecraft:chainmail_leggings":5,"minecraft:iron_helmet":1,"tombstone:magic_scroll":8,"minecraft:coal":678},"minecraft:killed":{"minecraft:skeleton":73,"minecraft:chicken":5,"boh:rat":1,"alexsmobs:seal":1,"mutantmonsters:mutant_skeleton":3,"minecraft:pillager":5,"minecraft:zombie":75,"mutantmonsters:mutant_creeper":3,"minecraft:cow":6,"minecraft:horse":1,"mutantmonsters:creeper_minion":48,"minecraft:enderman":4,"endofherobrine:silverfish":11,"minecraft:witch":1,"minecraft:spider":26,"minecraft:bee":1,"minecraft:pig":1,"minecraft:zombie_villager":1,"minecraft:creeper":95,"boh:deer":20,"minecraft:sheep":11,"endofherobrine:cow":2,"minecraft:slime":4,"minecraft:phantom":7,"boh:souichi":1,"boh:deer_mimic":1,"alexsmobs:crow":1,"endofherobrine:sheep":25},"minecraft:used":{"minecraft:chest":6,"create:tiled_glass":4,"minecraft:azure_bluet":1,"minecraft:snowball":49,"minecraft:stripped_spruce_log":27,"minecraft:lava_bucket":40,"minecraft:music_disc_ward":3,"minecraft:quartz_block":7,"create:rotation_speed_controller":1,"minecraft:sweet_berries":8,"minecraft:furnace":6,"minecraft:oak_sapling":8,"minecraft:egg":4,"minecraft:potato":44,"minecraft:mossy_stone_bricks":2,"minecraft:diorite":5,"minecraft:blackstone":3,"minecraft:wooden_pickaxe":26,"minecraft:oak_leaves":1,"minecraft:sand":1,"farmersdelight:tatami":26,"mutantmonsters:mutant_skeleton_skull":1,"scalinghealth:enchanted_heart":3,"spartanshields:diamond_tower_shield":15,"minecraft:oak_pressure_plate":7,"minecraft:diamond_sword":970,"travelersbackpack:magma_cube":1,"minecraft:smithing_table":1,"minecraft:birch_log":3,"minecraft:iron_bars":4,"minecraft:netherrack":59,"minecraft:torch":376,"minecraft:anvil":1,"minecraft:oak_fence_gate":16,"create:wrench":4,"mutantmonsters:creeper_shard":1,"marbledsarsenal:black_juggernaut_armor_chestplate":1,"minecraft:barrel":1,"minecraft:diamond_chestplate":15,"minecraft:oxidized_copper":3,"tombstone:gift":9,"minecraft:cobbled_deepslate":275,"minecraft:pointed_dripstone":3,"minecraft:calcite":223,"minecraft:wheat_seeds":9,"minecraft:water_bucket":7,"boh:cooked_venison":6,"storagedrawers:spruce_full_drawers_4":9,"minecraft:cauldron":3,"create:furnace_minecart_contraption":1,"minecraft:cracked_stone_bricks":4,"minecraft:gilded_blackstone":1,"minecraft:rail":5,"minecraft:crafting_table":4,"minecraft:white_bed":1,"minecraft:spruce_log":2,"minecraft:oak_log":1,"minecraft:diamond_pickaxe":6766,"minecraft:diamond_shovel":367,"minecraft:oak_button":2,"minecraft:iron_pickaxe":2054,"tombstone:magic_scroll":3,"minecraft:cobblestone":120,"minecraft:potion":1,"travelersbackpack:standard":5,"storagedrawers:oak_full_drawers_4":28,"toughasnails:purified_water_canteen":94,"minecraft:stripped_oak_log":3,"minecraft:dandelion":3,"minecraft:diamond_leggings":3,"minecraft:polished_deepslate":132,"minecraft:shield":31,"minecraft:iron_sword":433,"tacz:statue":2,"minecraft:green_terracotta":8,"minecraft:iron_chestplate":4,"minecraft:birch_pressure_plate":8,"mcwdoors:garage_white_door":16,"create:cogwheel":5,"minecraft:carrot":4,"minecraft:music_disc_11":1,"minecraft:tuff":55,"minecraft:music_disc_13":1,"minecraft:glass":1,"minecraft:cyan_terracotta":110,"farmersdelight:tomato":1,"minecraft:lantern":1,"create:scoria":2,"minecraft:stone_bricks":21,"pointblank:workstation":1,"mcwdoors:metal_windowed_door":4,"create:mechanical_drill":3,"minecraft:stone_pickaxe":366,"minecraft:oak_planks":3,"create_sa:brass_jetpack_chestplate":14,"toughasnails:water_canteen":1,"minecraft:white_wool":2,"minecraft:yellow_terracotta":1,"minecraft:dripstone_block":3,"minecraft:shears":2,"minecraft:lever":2,"minecraft:bread":5,"tombstone:grave_key":16,"minecraft:iron_door":2,"minecraft:gravel":8,"storagedrawers:quantify_key":20,"minecraft:grindstone":2,"minecraft:andesite":537,"minecraft:smooth_stone_slab":156,"minecraft:coarse_dirt":68,"marbledsarsenal:black_juggernaut_armor_leggings":1,"minecraft:bone_meal":46,"create:large_cogwheel":3,"farmersdelight:diamond_knife":37,"tacz:gun_smith_table":1,"minecraft:spruce_planks":9,"minecraft:cooked_chicken":7,"minecraft:dirt":179,"scalinghealth:heart_crystal":1,"toughasnails:empty_canteen":19,"minecraft:cobblestone_wall":4,"minecraft:diamond_helmet":1,"minecraft:granite":9,"minecraft:iron_hoe":141,"minecraft:wooden_axe":38,"minecraft:iron_boots":1,"create:cart_assembler":1,"scalinghealth:power_crystal":1,"travelersbackpack:sponge":4,"minecraft:cooked_beef":3,"minecraft:iron_leggings":7,"minecraft:snow_block":3,"minecraft:glass_bottle":84,"minecraft:polished_andesite":2,"minecraft:baked_potato":187,"marbledsarsenal:black_juggernaut_armor_helmet":1,"create:cut_calcite_bricks":7,"minecraft:music_disc_cat":1,"tombstone:bag_of_seeds":2,"minecraft:apple":2,"dramaticdoors:tall_oak_door":4,"toughasnails:purified_water_bottle":80,"minecraft:white_banner":1,"minecraft:bucket":64,"minecraft:yellow_bed":1,"storagedrawers:drawer_key":2,"minecraft:smooth_stone":9,"minecraft:chainmail_leggings":1},"minecraft:crafted":{"minecraft:rotten_flesh":3,"minecraft:oak_pressure_plate":1,"spartanshields:wooden_tower_shield":1,"minecraft:diamond_shovel":1,"minecraft:bookshelf":15,"minecraft:glass":48,"minecraft:quartz_block":448,"create:rotation_speed_controller":1,"minecraft:diamond_helmet":3,"minecraft:repeater":1,"minecraft:diamond_leggings":4,"storagedrawers:oak_full_drawers_4":24,"dramaticdoors:tall_oak_door":2,"spartanshields:diamond_tower_shield":1,"create:rose_quartz":2,"skilltree:gem":74,"skilltree:iron_ring":1,"skilltree:scholar_necklace":1,"storagedrawers:oak_full_drawers_1":2,"minecraft:smithing_table":1,"minecraft:copper_ingot":284,"minecraft:stone_slab":2,"minecraft:iron_pickaxe":1,"minecraft:iron_block":4,"minecraft:gold_ingot":522,"storagedrawers:upgrade_template":8,"tombstone:book_of_disenchantment":1,"pointblank:guninternals":24,"minecraft:spider_eye":1,"minecraft:iron_nugget":13,"storagedrawers:spruce_full_drawers_4":4,"minecraft:bone_meal":18,"travelersbackpack:gold_tier_upgrade":1,"travelersbackpack:magma_cube":1,"minecraft:ender_pearl":1,"minecraft:stone_pickaxe":4,"minecraft:diamond_boots":4,"skilltree:golden_ring":1,"create:electron_tube":2,"minecraft:enchanting_table":1,"tacz:gun_smith_table":1,"mobdropsrecipes_overworld:overworld_essence_common":264,"minecraft:gunpowder":29,"minecraft:wooden_axe":1,"minecraft:writable_book":1,"minecraft:iron_leggings":4,"minecraft:grindstone":2,"minecraft:oak_planks":380,"minecraft:barrel":28,"minecraft:stone":2,"create:deployer":2,"minecraft:hopper":16,"minecraft:iron_boots":2,"tombstone:grave_key":1,"minecraft:chest":25,"create:brass_hand":2,"minecraft:oak_slab":60,"travelersbackpack:iron_tier_upgrade":1,"minecraft:crafting_table":1,"minecraft:spruce_planks":72,"tacz:ammo_box":3,"minecraft:wooden_pickaxe":2,"minecraft:iron_helmet":2,"minecraft:birch_planks":2,"minecraft:string":9,"minecraft:iron_chestplate":2,"minecraft:charcoal":1,"minecraft:diamond_pickaxe":2,"storagedrawers:fill_level_upgrade":1,"minecraft:stick":67,"minecraft:iron_ingot":207,"minecraft:snow_block":3,"create_sa:medium_filling_tank":1,"minecraft:redstone_torch":3,"toughasnails:empty_canteen":1,"minecraft:oak_door":3,"minecraft:redstone":3,"storagedrawers:quantify_key":1,"minecraft:furnace":4,"minecraft:slime_ball":2,"create:fluid_tank":28,"tacz:statue":2,"storagedrawers:diamond_storage_upgrade":4,"create:andesite_alloy":53,"minecraft:diamond_sword":1,"pointblank:gunmetal_ingot":147,"minecraft:iron_sword":1,"scalinghealth:heart_crystal":15,"minecraft:air":1596,"minecraft:gold_nugget":9,"minecraft:anvil":1,"create:mechanical_drill":12,"minecraft:torch":142,"create:zinc_ingot":9,"minecraft:diamond_chestplate":3},"minecraft:broken":{"minecraft:diamond_helmet":1,"minecraft:iron_boots":2,"minecraft:iron_sword":1,"minecraft:iron_helmet":3,"toughasnails:purified_water_canteen":18,"minecraft:stone_pickaxe":1},"minecraft:killed_by":{"endofherobrine:sheep":2,"mutantmonsters:mutant_creeper":5,"minecraft:zombie":26,"mutantmonsters:mutant_skeleton":6,"endofherobrine:cow":1,"minecraft:creeper":13,"minecraft:drowned":3,"minecraft:witch":1,"minecraft:spider":4,"minecraft:enderman":2,"minecraft:skeleton":22,"endofherobrine:silverfish":1},"minecraft:dropped":{"minecraft:iron_sword":2,"marbledsarsenal:black_juggernaut_armor_chestplate":1,"minecraft:oak_pressure_plate":2,"farmersdelight:tatami":3,"create:fluid_tank":28,"minecraft:rail":1,"minecraft:leather_helmet":1,"minecraft:dirt":31,"create:goggles":2,"minecraft:iron_pickaxe":4,"minecraft:bone":13,"minecraft:golden_chestplate":2,"minecraft:obsidian":5,"create:asurine":9,"boh:venison":5,"create:wrench":1,"minecraft:leather_boots":7,"create:mechanical_crafter":2,"minecraft:leather_leggings":2,"farmersdelight:rope":7,"minecraft:enchanted_book":4,"minecraft:golden_boots":2,"minecraft:iron_ingot":4,"minecraft:wheat_seeds":4,"farmersdelight:skillet":1,"minecraft:dripstone_block":8,"minecraft:cobblestone":1,"create:precision_mechanism":2,"minecraft:granite":17,"minecraft:chainmail_helmet":2,"minecraft:polished_andesite":11,"create:andesite_casing":3,"minecraft:lava_bucket":3,"minecraft:lodestone":2,"skilltree:gem":8,"minecraft:diamond_helmet":1,"minecraft:potion":2,"minecraft:smooth_stone":17,"minecraft:chainmail_leggings":5,"minecraft:string":17,"create:mechanical_drill":9,"pointblank:cp2077_tsunami_nekomata":1,"create:sand_paper":2,"create:ochrum":4,"minecraft:cobblestone_wall":1,"minecraft:smooth_stone_slab":1,"minecraft:iron_boots":2,"minecraft:name_tag":1,"create:copper_sheet":32,"scalinghealth:power_crystal_shard":8,"minecraft:shears":1,"minecraft:stone":8,"create:zinc_ingot":50,"minecraft:diamond_pickaxe":3,"marbledsarsenal:black_juggernaut_armor_helmet":1,"minecraft:stone_bricks":5,"tacz:ammo":158,"create:brass_casing":8,"minecraft:bow":8,"waystones:waystone":2,"skilltree:golden_ring":1,"create:vertical_gearbox":2,"minecraft:moss_block":42,"minecraft:oak_log":9,"travelersbackpack:standard":1,"minecraft:music_disc_13":1,"minecraft:flint":3,"minecraft:cyan_terracotta":16,"create:linear_chassis":2,"minecraft:snowball":40,"minecraft:gilded_blackstone":31,"create:iron_sheet":1,"create:large_cogwheel":1,"marbledsarsenal:black_juggernaut_armor_leggings":1,"minecraft:gravel":377,"minecraft:chainmail_chestplate":5,"minecraft:leather_chestplate":1,"minecraft:melon_seeds":1,"minecraft:chainmail_boots":2,"create:brass_ingot":58,"minecraft:arrow":56,"minecraft:quartz":109,"minecraft:oak_leaves":1,"minecraft:netherrack":940,"minecraft:enchanting_table":1,"minecraft:water_bucket":1,"create:mechanical_saw":1,"scalinghealth:cursed_heart":4,"pointblank:gunmetal_ingot":17,"minecraft:bookshelf":15,"minecraft:diamond_leggings":3,"minecraft:poisonous_potato":1,"scalinghealth:heart_crystal_shard":14,"farmersdelight:tree_bark":22,"minecraft:copper_ingot":51,"tacz:ammo_box":3,"farmersdelight:golden_knife":1,"tombstone:magic_scroll":3,"minecraft:green_dye":2,"create:sturdy_sheet":5,"minecraft:iron_leggings":9,"tacz:modern_kinetic_gun":23,"minecraft:iron_axe":2,"minecraft:music_disc_wait":1,"mcwbridges:andesite_bridge":2,"minecraft:bucket":3,"farmersdelight:rotten_tomato":1,"minecraft:sweet_berries":1,"marbledsarsenal:black_juggernaut_armor_boots":1,"minecraft:coarse_dirt":581,"create:furnace_minecart_contraption":3,"minecraft:raw_copper":128,"minecraft:tuff":53,"farmersdelight:cabbage_seeds":4,"minecraft:iron_hoe":3,"minecraft:stripped_oak_log":1,"create:cart_assembler":1,"minecraft:gray_terracotta":2,"minecraft:shield":7,"minecraft:oak_button":1,"minecraft:diamond_chestplate":2,"minecraft:iron_chestplate":4,"minecraft:andesite":116,"toughasnails:purified_water_bottle":1,"minecraft:oak_sapling":2,"create:deployer":3,"minecraft:golden_sword":1,"minecraft:diamond_boots":3,"minecraft:stone_pickaxe":2,"minecraft:wooden_pickaxe":1,"minecraft:calcite":10},"minecraft:mined":{"minecraft:white_bed":1,"create:andesite_casing":14,"create:cut_calcite_bricks":1,"minecraft:granite":26,"minecraft:oak_pressure_plate":8,"minecraft:spawner":12,"minecraft:light_blue_stained_glass":1,"minecraft:magma_block":66,"minecraft:fire":7,"minecraft:barrel":1,"minecraft:cobbled_deepslate":15,"create:cogwheel":5,"scalinghealth:deepslate_heart_crystal_ore":1,"minecraft:torch":9,"minecraft:oxidized_copper":3,"minecraft:white_stained_glass_pane":2,"minecraft:glass":1,"farmersdelight:cabbages":9,"mutantmonsters:mutant_skeleton_skull":1,"minecraft:wheat":8,"minecraft:grass":16,"minecraft:oak_fence_gate":7,"minecraft:yellow_terracotta":1,"minecraft:deepslate":924,"create:zinc_ore":41,"minecraft:moss_block":42,"minecraft:redstone_ore":14,"minecraft:snow":10,"minecraft:green_terracotta":18,"minecraft:andesite":1652,"minecraft:potatoes":48,"minecraft:white_wool":2,"storagedrawers:oak_full_drawers_4":2,"endofherobrine:glowing_obsidian":6,"minecraft:copper_ore":511,"minecraft:tall_grass":4,"minecraft:deepslate_gold_ore":111,"minecraft:diorite":5,"minecraft:coarse_dirt":342,"minecraft:spruce_log":20,"minecraft:gravel":74,"minecraft:dripstone_block":8,"minecraft:cobweb":28,"minecraft:stone_bricks":14,"minecraft:gold_ore":35,"create:deepslate_zinc_ore":37,"minecraft:spruce_planks":9,"minecraft:oak_sapling":1,"minecraft:farmland":22,"minecraft:grass_block":5,"travelersbackpack:sponge":2,"create:tiled_glass":1,"minecraft:gilded_blackstone":1,"minecraft:smooth_stone":9,"minecraft:iron_ore":623,"minecraft:anvil":4,"create:asurine":9,"minecraft:deepslate_redstone_ore":35,"minecraft:gray_terracotta":2,"minecraft:quartz_block":15,"minecraft:cyan_terracotta":68,"minecraft:blackstone":3,"minecraft:calcite":81,"minecraft:chest":9,"create:brass_casing":8,"minecraft:nether_quartz_ore":1657,"minecraft:cobblestone":10,"minecraft:slime_block":2,"minecraft:oak_planks":3,"minecraft:iron_door":1,"minecraft:wall_torch":32,"minecraft:deepslate_copper_ore":8,"minecraft:birch_log":3,"minecraft:smooth_stone_slab":76,"minecraft:oak_log":1,"minecraft:lime_terracotta":5,"minecraft:sand":84,"minecraft:dirt":62,"minecraft:ancient_debris":2,"minecraft:netherrack":1776,"minecraft:oak_leaves":31,"minecraft:tuff":78,"minecraft:deepslate_diamond_ore":157,"minecraft:oak_door":1,"minecraft:lever":1,"mcwdoors:garage_white_door":11,"create:large_cogwheel":6,"create:ochrum":4,"minecraft:spruce_leaves":25,"minecraft:furnace":2,"minecraft:carrots":5,"minecraft:stripped_spruce_log":4,"minecraft:polished_deepslate":4,"minecraft:bookshelf":18,"minecraft:deepslate_iron_ore":36,"minecraft:lantern":1,"minecraft:stone":355,"minecraft:birch_pressure_plate":5,"minecraft:crafting_table":4,"mcwdoors:metal_windowed_door":2,"minecraft:lapis_ore":9,"dramaticdoors:tall_oak_door":1,"minecraft:yellow_bed":1,"farmersdelight:tatami":20,"k_turrets:titanium_ore":4,"minecraft:coal_ore":601,"pointblank:workstation":1,"minecraft:lodestone":1,"storagedrawers:spruce_full_drawers_4":1,"minecraft:cracked_stone_bricks":2,"minecraft:polished_andesite":1,"minecraft:mossy_stone_bricks":1},"minecraft:custom":{"minecraft:interact_with_crafting_table":199,"minecraft:open_barrel":44,"minecraft:leave_game":20,"minecraft:time_since_death":8860,"minecraft:damage_blocked_by_shield":3571,"minecraft:play_time":1752406,"minecraft:deaths":88,"minecraft:jump":13311,"minecraft:interact_with_furnace":153,"minecraft:play_record":6,"minecraft:sleep_in_bed":50,"minecraft:waystone_activated":1,"tombstone:sneak_grave":3,"minecraft:damage_dealt":73325,"tombstone:use_disenchantment":1,"tombstone:undead_killed":153,"minecraft:interact_with_smoker":44,"minecraft:use_cauldron":31,"minecraft:horse_one_cm":5318,"minecraft:interact_with_smithing_table":7,"minecraft:interact_with_anvil":19,"minecraft:inspect_hopper":7,"minecraft:sneak_time":24349,"minecraft:interact_with_blast_furnace":31,"minecraft:total_world_time":1752406,"tombstone:raider_killed":7,"minecraft:interact_with_stonecutter":9,"minecraft:time_since_rest":8675,"minecraft:swim_one_cm":10319,"minecraft:fly_one_cm":1706855,"minecraft:open_chest":1010,"minecraft:fall_one_cm":152716,"minecraft:damage_resisted":148,"minecraft:sprint_one_cm":5840442,"minecraft:drop":466,"minecraft:talked_to_villager":3,"minecraft:interact_with_brewingstand":1,"minecraft:walk_on_water_one_cm":42425,"minecraft:crouch_one_cm":28637,"minecraft:mob_kills":463,"minecraft:damage_dealt_resisted":5571,"minecraft:climb_one_cm":33986,"minecraft:walk_one_cm":5208263,"tombstone:consume_soul":1,"minecraft:walk_under_water_one_cm":9565,"spartanshields:shield_bash_hits":9,"minecraft:interact_with_grindstone":10,"minecraft:damage_taken":44289}},"DataVersion":3465}