{"stats":{"minecraft:killed":{"endofherobrine:silverfish":8,"minecraft:spider":26,"minecraft:skeleton":46,"minecraft:bee":1,"minecraft:chicken":5,"boh:rat":1,"minecraft:pig":1,"minecraft:zombie_villager":1,"alexsmobs:seal":1,"mutantmonsters:mutant_skeleton":2,"minecraft:creeper":60,"boh:deer":12,"minecraft:sheep":3,"minecraft:pillager":5,"minecraft:zombie":47,"endofherobrine:cow":2,"mutantmonsters:mutant_creeper":2,"minecraft:cow":6,"minecraft:phantom":5,"minecraft:horse":1,"boh:souichi":1,"mutantmonsters:creeper_minion":4,"minecraft:enderman":4},"minecraft:dropped":{"marbledsarsenal:black_juggernaut_armor_chestplate":1,"minecraft:iron_sword":1,"minecraft:moss_block":42,"create:vertical_gearbox":2,"minecraft:flint":3,"minecraft:music_disc_13":1,"minecraft:cyan_terracotta":15,"minecraft:dirt":31,"minecraft:snowball":35,"create:iron_sheet":1,"minecraft:iron_pickaxe":4,"marbledsarsenal:black_juggernaut_armor_leggings":1,"minecraft:bone":13,"minecraft:gravel":377,"minecraft:obsidian":5,"boh:venison":5,"minecraft:chainmail_chestplate":3,"minecraft:melon_seeds":1,"minecraft:leather_boots":4,"minecraft:chainmail_boots":1,"farmersdelight:rope":7,"minecraft:arrow":56,"minecraft:oak_leaves":1,"minecraft:enchanting_table":1,"minecraft:enchanted_book":4,"minecraft:water_bucket":1,"minecraft:iron_ingot":4,"minecraft:wheat_seeds":2,"farmersdelight:skillet":1,"scalinghealth:cursed_heart":1,"create:mechanical_saw":1,"minecraft:bookshelf":15,"minecraft:dripstone_block":8,"minecraft:diamond_leggings":1,"minecraft:poisonous_potato":1,"scalinghealth:heart_crystal_shard":13,"minecraft:granite":17,"minecraft:chainmail_helmet":2,"create:andesite_casing":1,"minecraft:lava_bucket":1,"tacz:ammo_box":1,"farmersdelight:golden_knife":1,"tombstone:magic_scroll":2,"skilltree:gem":8,"minecraft:diamond_helmet":1,"minecraft:iron_leggings":4,"tacz:modern_kinetic_gun":17,"mcwbridges:andesite_bridge":2,"minecraft:music_disc_wait":1,"minecraft:smooth_stone":8,"minecraft:chainmail_leggings":3,"minecraft:bucket":1,"farmersdelight:rotten_tomato":1,"create:ochrum":4,"marbledsarsenal:black_juggernaut_armor_boots":1,"minecraft:raw_copper":128,"minecraft:coarse_dirt":580,"minecraft:cobblestone_wall":1,"minecraft:smooth_stone_slab":1,"minecraft:tuff":40,"farmersdelight:cabbage_seeds":4,"minecraft:iron_hoe":1,"minecraft:stripped_oak_log":1,"minecraft:name_tag":1,"scalinghealth:power_crystal_shard":8,"minecraft:shears":1,"minecraft:stone":8,"minecraft:gray_terracotta":2,"minecraft:shield":7,"minecraft:diamond_chestplate":1,"minecraft:diamond_pickaxe":2,"minecraft:iron_chestplate":4,"minecraft:andesite":116,"marbledsarsenal:black_juggernaut_armor_helmet":1,"toughasnails:purified_water_bottle":1,"minecraft:golden_sword":1,"minecraft:stone_bricks":1,"tacz:ammo":90,"minecraft:diamond_boots":1,"waystones:waystone":2,"minecraft:stone_pickaxe":2,"minecraft:bow":5,"minecraft:wooden_pickaxe":1,"minecraft:calcite":10,"skilltree:golden_ring":1},"minecraft:custom":{"minecraft:interact_with_crafting_table":103,"minecraft:open_barrel":7,"minecraft:leave_game":18,"minecraft:time_since_death":2423,"minecraft:sprint_one_cm":3578798,"minecraft:damage_blocked_by_shield":2286,"minecraft:drop":274,"minecraft:talked_to_villager":3,"minecraft:play_time":1072888,"minecraft:deaths":72,"minecraft:jump":8739,"minecraft:interact_with_brewingstand":1,"minecraft:walk_on_water_one_cm":27218,"minecraft:interact_with_furnace":150,"minecraft:sleep_in_bed":39,"minecraft:waystone_activated":1,"tombstone:sneak_grave":2,"minecraft:damage_dealt":35794,"tombstone:use_disenchantment":1,"minecraft:crouch_one_cm":14987,"tombstone:undead_killed":96,"minecraft:interact_with_smoker":28,"minecraft:use_cauldron":14,"minecraft:horse_one_cm":2406,"minecraft:interact_with_smithing_table":3,"minecraft:interact_with_anvil":17,"minecraft:mob_kills":267,"minecraft:inspect_hopper":5,"minecraft:damage_dealt_resisted":2526,"minecraft:climb_one_cm":32552,"minecraft:walk_one_cm":3435951,"tombstone:consume_soul":1,"minecraft:sneak_time":14401,"minecraft:walk_under_water_one_cm":5496,"minecraft:interact_with_blast_furnace":22,"minecraft:total_world_time":1072888,"spartanshields:shield_bash_hits":6,"tombstone:raider_killed":5,"minecraft:interact_with_grindstone":8,"minecraft:interact_with_stonecutter":4,"minecraft:time_since_rest":2201,"minecraft:damage_taken":31666,"minecraft:swim_one_cm":5562,"minecraft:fly_one_cm":1009865,"minecraft:open_chest":647,"minecraft:fall_one_cm":90386},"minecraft:picked_up":{"minecraft:iron_chestplate":3,"minecraft:wheat":7,"minecraft:chainmail_boots":1,"minecraft:anvil":8,"minecraft:stone_slab":3,"minecraft:diamond_sword":1,"boh:spinel":20,"minecraft:music_disc_cat":1,"minecraft:string":61,"mutantmonsters:mutant_skeleton_skull":1,"minecraft:raw_copper":1755,"minecraft:smooth_stone_slab":192,"minecraft:iron_leggings":1,"minecraft:smooth_stone":20,"minecraft:cobbled_deepslate":559,"farmersdelight:cabbage":8,"minecraft:spruce_planks":9,"minecraft:redstone_torch":1,"minecraft:calcite":251,"minecraft:iron_pickaxe":3,"pointblank:workstation":1,"farmersdelight:cabbage_seeds":29,"minecraft:iron_boots":1,"minecraft:furnace":2,"minecraft:stick":5,"farmersdelight:rotten_tomato":1,"minecraft:torch":53,"create:andesite_casing":1,"storagedrawers:spruce_full_drawers_4":5,"minecraft:porkchop":1,"tacz:attachment":7,"tombstone:grave_dust":18,"minecraft:diorite":5,"minecraft:green_terracotta":4,"create:large_cogwheel":2,"minecraft:quartz_block":8,"minecraft:rotten_flesh":81,"create:scoria":2,"create:ochrum":4,"create:asurine":9,"minecraft:cyan_terracotta":133,"farmersdelight:rope":7,"marbledsarsenal:black_juggernaut_armor_leggings":1,"mcwdoors:garage_white_door":16,"minecraft:music_disc_wait":1,"minecraft:iron_bars":3,"minecraft:snowball":68,"minecraft:cobblestone":369,"minecraft:birch_log":18,"storagedrawers:oak_full_drawers_4":7,"minecraft:feather":11,"minecraft:magma_block":18,"minecraft:cooked_beef":1,"minecraft:oxidized_copper":3,"minecraft:iron_door":4,"minecraft:water_bucket":1,"minecraft:andesite":1580,"minecraft:potato":144,"paraglider:spirit_orb":18,"minecraft:flint":134,"minecraft:tuff":64,"storagedrawers:drawer_key":1,"create:raw_zinc":90,"skilltree:gem":375,"minecraft:lapis_lazuli":57,"farmersdelight:tomato":11,"minecraft:dirt":201,"minecraft:name_tag":1,"create:encased_chain_drive":1,"tacz:ammo_box":1,"minecraft:leather_boots":4,"minecraft:bone":65,"minecraft:gray_terracotta":2,"minecraft:bow":5,"minecraft:wheat_seeds":24,"marbledsarsenal:black_juggernaut_armor_chestplate":1,"minecraft:raw_gold":165,"minecraft:mossy_stone_bricks":2,"minecraft:moss_block":42,"minecraft:oak_planks":16,"minecraft:music_disc_13":1,"create:cogwheel":2,"minecraft:oak_pressure_plate":2,"minecraft:poisonous_potato":1,"minecraft:sand":49,"create:copycat_panel":1,"minecraft:grass_block":1,"mcwbridges:andesite_bridge":2,"create:tiled_glass":4,"minecraft:iron_hoe":2,"minecraft:diamond":147,"waystones:waystone":1,"minecraft:crossbow":1,"minecraft:granite":26,"minecraft:chainmail_helmet":2,"minecraft:bread":3,"minecraft:oak_sapling":25,"minecraft:netherrack":228,"minecraft:oak_leaves":2,"minecraft:diamond_pickaxe":2,"minecraft:coarse_dirt":648,"minecraft:crafting_table":4,"boh:venison":25,"minecraft:chicken":6,"minecraft:shield":7,"tacz:ammo":1095,"minecraft:blackstone":1,"minecraft:cracked_stone_bricks":4,"skilltree:golden_ring":1,"minecraft:beef":13,"minecraft:iron_nugget":1,"minecraft:chest":25,"minecraft:birch_sapling":1,"minecraft:egg":3,"minecraft:raw_iron":784,"minecraft:oak_door":1,"minecraft:fire_charge":2,"pointblank:gunmetal_nugget":405,"minecraft:carrot":17,"minecraft:redstone":241,"create:vertical_gearbox":2,"mutantmonsters:creeper_shard":1,"travelersbackpack:sponge":3,"minecraft:arrow":79,"minecraft:shears":1,"pvz_zengarden:zengarden_guide":1,"minecraft:gold_ingot":6,"minecraft:saddle":1,"create:cut_calcite_bricks":5,"minecraft:mutton":5,"minecraft:white_wool":3,"minecraft:stripped_oak_log":1,"create:iron_sheet":1,"minecraft:leather":29,"minecraft:birch_planks":26,"scalinghealth:bandages":5,"minecraft:oak_log":18,"minecraft:chainmail_chestplate":2,"toughasnails:purified_water_bottle":1,"minecraft:yellow_bed":2,"minecraft:gunpowder":105,"minecraft:cobblestone_wall":4,"scalinghealth:heart_crystal":11,"farmersdelight:tatami":12,"farmersdelight:skillet":1,"mutantmonsters:mutant_skeleton_limb":1,"scalinghealth:medkit":1,"minecraft:white_banner":1,"minecraft:apple":1,"minecraft:stone_bricks":26,"minecraft:iron_ingot":2,"minecraft:oak_fence_gate":16,"minecraft:cooked_chicken":6,"scalinghealth:power_crystal_shard":8,"marbledsarsenal:black_juggernaut_armor_helmet":1,"minecraft:glass_bottle":2,"minecraft:iron_sword":15,"create:mechanical_saw":1,"minecraft:book":54,"scalinghealth:heart_crystal_shard":27,"minecraft:sweet_berries":8,"minecraft:quartz":205,"minecraft:dripstone_block":12,"minecraft:gravel":312,"minecraft:lava_bucket":2,"marbledsarsenal:black_juggernaut_armor_boots":1,"minecraft:amethyst_shard":5,"minecraft:spruce_sapling":12,"minecraft:white_bed":1,"minecraft:spruce_log":58,"minecraft:spider_eye":11,"travelersbackpack:standard":1,"tacz:modern_kinetic_gun":18,"minecraft:chainmail_leggings":3,"minecraft:iron_helmet":1,"minecraft:oak_button":3,"tombstone:magic_scroll":1,"minecraft:melon_seeds":1,"minecraft:coal":590,"minecraft:ender_pearl":3},"minecraft:broken":{"minecraft:iron_boots":2,"minecraft:stone_pickaxe":1,"minecraft:iron_sword":1,"minecraft:iron_helmet":3,"toughasnails:purified_water_canteen":4},"minecraft:mined":{"create:deepslate_zinc_ore":25,"minecraft:spruce_planks":9,"minecraft:white_bed":1,"minecraft:oak_sapling":1,"minecraft:farmland":22,"minecraft:granite":26,"travelersbackpack:sponge":2,"minecraft:grass_block":5,"minecraft:oak_pressure_plate":2,"create:tiled_glass":1,"minecraft:spawner":12,"minecraft:light_blue_stained_glass":1,"minecraft:smooth_stone":9,"minecraft:magma_block":18,"minecraft:iron_ore":621,"minecraft:fire":6,"minecraft:cobbled_deepslate":4,"minecraft:anvil":4,"create:asurine":9,"minecraft:deepslate_redstone_ore":30,"minecraft:gray_terracotta":2,"create:cogwheel":2,"minecraft:quartz_block":8,"minecraft:cyan_terracotta":64,"scalinghealth:deepslate_heart_crystal_ore":1,"minecraft:torch":9,"minecraft:calcite":78,"minecraft:oxidized_copper":3,"minecraft:chest":7,"minecraft:white_stained_glass_pane":2,"minecraft:nether_quartz_ore":210,"farmersdelight:cabbages":9,"minecraft:glass":1,"minecraft:cobblestone":7,"minecraft:iron_door":1,"minecraft:wall_torch":28,"mutantmonsters:mutant_skeleton_skull":1,"minecraft:wheat":8,"minecraft:smooth_stone_slab":74,"minecraft:grass":13,"minecraft:oak_log":1,"minecraft:oak_fence_gate":7,"minecraft:sand":49,"minecraft:dirt":51,"minecraft:netherrack":237,"minecraft:oak_leaves":13,"minecraft:deepslate":557,"create:zinc_ore":29,"minecraft:tuff":62,"minecraft:deepslate_diamond_ore":90,"minecraft:oak_door":1,"mcwdoors:garage_white_door":9,"create:large_cogwheel":2,"create:ochrum":4,"minecraft:spruce_leaves":24,"minecraft:moss_block":42,"minecraft:redstone_ore":14,"minecraft:furnace":2,"minecraft:carrots":5,"minecraft:snow":10,"minecraft:andesite":1575,"minecraft:green_terracotta":4,"minecraft:bookshelf":18,"minecraft:potatoes":48,"minecraft:deepslate_iron_ore":19,"minecraft:stone":338,"minecraft:crafting_table":4,"endofherobrine:glowing_obsidian":6,"minecraft:copper_ore":479,"minecraft:tall_grass":4,"minecraft:deepslate_gold_ore":59,"minecraft:lapis_ore":9,"minecraft:diorite":5,"minecraft:coarse_dirt":342,"minecraft:spruce_log":20,"minecraft:yellow_bed":1,"farmersdelight:tatami":12,"minecraft:coal_ore":565,"minecraft:gravel":35,"minecraft:dripstone_block":8,"pointblank:workstation":1,"minecraft:cobweb":24,"storagedrawers:spruce_full_drawers_4":1,"minecraft:cracked_stone_bricks":2,"minecraft:stone_bricks":14,"minecraft:mossy_stone_bricks":1,"minecraft:gold_ore":34},"minecraft:used":{"minecraft:chest":6,"minecraft:shield":31,"minecraft:iron_sword":433,"create:tiled_glass":4,"minecraft:green_terracotta":4,"minecraft:iron_chestplate":4,"mcwdoors:garage_white_door":16,"minecraft:carrot":4,"minecraft:tuff":44,"minecraft:snowball":21,"minecraft:azure_bluet":1,"minecraft:glass":1,"minecraft:lava_bucket":14,"minecraft:cyan_terracotta":102,"farmersdelight:tomato":1,"minecraft:quartz_block":6,"create:scoria":2,"minecraft:stone_bricks":18,"pointblank:workstation":1,"minecraft:sweet_berries":8,"minecraft:furnace":6,"minecraft:oak_sapling":8,"minecraft:egg":3,"minecraft:potato":44,"minecraft:mossy_stone_bricks":2,"minecraft:diorite":5,"minecraft:stone_pickaxe":366,"minecraft:blackstone":1,"minecraft:wooden_pickaxe":26,"minecraft:oak_leaves":1,"minecraft:sand":1,"farmersdelight:tatami":12,"minecraft:dripstone_block":3,"minecraft:shears":2,"mutantmonsters:mutant_skeleton_skull":1,"scalinghealth:enchanted_heart":3,"minecraft:bread":5,"tombstone:grave_key":7,"minecraft:oak_pressure_plate":2,"minecraft:iron_door":2,"minecraft:gravel":8,"storagedrawers:quantify_key":13,"minecraft:diamond_sword":268,"minecraft:grindstone":1,"minecraft:smithing_table":1,"minecraft:andesite":474,"minecraft:smooth_stone_slab":156,"marbledsarsenal:black_juggernaut_armor_leggings":1,"minecraft:coarse_dirt":68,"minecraft:bone_meal":46,"minecraft:iron_bars":4,"farmersdelight:diamond_knife":37,"tacz:gun_smith_table":1,"minecraft:spruce_planks":9,"minecraft:cooked_chicken":7,"minecraft:netherrack":18,"minecraft:torch":295,"minecraft:dirt":143,"minecraft:anvil":1,"scalinghealth:heart_crystal":1,"toughasnails:empty_canteen":5,"minecraft:cobblestone_wall":4,"minecraft:diamond_helmet":1,"minecraft:granite":9,"minecraft:oak_fence_gate":16,"minecraft:iron_hoe":141,"minecraft:wooden_axe":38,"mutantmonsters:creeper_shard":1,"marbledsarsenal:black_juggernaut_armor_chestplate":1,"minecraft:iron_boots":1,"scalinghealth:power_crystal":1,"minecraft:diamond_chestplate":1,"minecraft:oxidized_copper":3,"travelersbackpack:sponge":4,"tombstone:gift":9,"minecraft:cooked_beef":3,"minecraft:cobbled_deepslate":41,"minecraft:iron_leggings":5,"minecraft:pointed_dripstone":3,"minecraft:calcite":220,"minecraft:wheat_seeds":9,"boh:cooked_venison":3,"minecraft:water_bucket":7,"minecraft:snow_block":3,"minecraft:glass_bottle":68,"minecraft:baked_potato":95,"marbledsarsenal:black_juggernaut_armor_helmet":1,"storagedrawers:spruce_full_drawers_4":9,"minecraft:cauldron":3,"minecraft:cracked_stone_bricks":4,"create:cut_calcite_bricks":5,"minecraft:crafting_table":3,"minecraft:white_bed":1,"minecraft:spruce_log":2,"minecraft:oak_log":1,"minecraft:diamond_pickaxe":2904,"minecraft:apple":1,"dramaticdoors:tall_oak_door":2,"minecraft:diamond_shovel":296,"minecraft:oak_button":2,"minecraft:iron_pickaxe":2054,"minecraft:cobblestone":111,"storagedrawers:oak_full_drawers_4":15,"travelersbackpack:standard":5,"toughasnails:purified_water_bottle":65,"minecraft:white_banner":1,"toughasnails:purified_water_canteen":25,"minecraft:bucket":35,"minecraft:yellow_bed":1,"storagedrawers:drawer_key":2,"minecraft:dandelion":3,"minecraft:diamond_leggings":1,"minecraft:smooth_stone":9,"minecraft:chainmail_leggings":1},"minecraft:killed_by":{"endofherobrine:cow":1,"minecraft:creeper":12,"minecraft:drowned":3,"mutantmonsters:mutant_creeper":5,"minecraft:zombie":21,"minecraft:spider":4,"minecraft:enderman":2,"mutantmonsters:mutant_skeleton":3,"minecraft:skeleton":19,"endofherobrine:silverfish":1},"minecraft:crafted":{"minecraft:grindstone":1,"minecraft:oak_planks":45,"minecraft:rotten_flesh":3,"minecraft:stone":2,"minecraft:diamond_shovel":1,"minecraft:bookshelf":15,"minecraft:glass":48,"minecraft:hopper":16,"minecraft:diamond_helmet":2,"minecraft:repeater":1,"minecraft:diamond_leggings":2,"minecraft:iron_boots":2,"minecraft:chest":10,"storagedrawers:oak_full_drawers_4":8,"dramaticdoors:tall_oak_door":2,"minecraft:crafting_table":1,"minecraft:spruce_planks":72,"skilltree:iron_ring":1,"skilltree:gem":27,"tacz:ammo_box":1,"minecraft:iron_helmet":2,"minecraft:wooden_pickaxe":2,"skilltree:scholar_necklace":1,"storagedrawers:oak_full_drawers_1":1,"minecraft:smithing_table":1,"minecraft:copper_ingot":284,"minecraft:birch_planks":2,"minecraft:string":8,"minecraft:iron_chestplate":2,"minecraft:charcoal":1,"minecraft:diamond_pickaxe":2,"minecraft:stone_slab":2,"storagedrawers:fill_level_upgrade":1,"minecraft:stick":34,"minecraft:iron_ingot":206,"minecraft:iron_pickaxe":1,"minecraft:iron_block":4,"minecraft:snow_block":3,"minecraft:redstone_torch":3,"storagedrawers:upgrade_template":4,"toughasnails:empty_canteen":1,"tombstone:book_of_disenchantment":1,"minecraft:oak_door":3,"pointblank:guninternals":24,"minecraft:spider_eye":1,"storagedrawers:quantify_key":1,"minecraft:furnace":4,"storagedrawers:spruce_full_drawers_4":4,"minecraft:bone_meal":18,"minecraft:ender_pearl":1,"minecraft:stone_pickaxe":4,"minecraft:diamond_boots":2,"skilltree:golden_ring":1,"storagedrawers:diamond_storage_upgrade":1,"minecraft:diamond_sword":1,"pointblank:gunmetal_ingot":73,"minecraft:enchanting_table":1,"minecraft:iron_sword":1,"tacz:gun_smith_table":1,"mobdropsrecipes_overworld:overworld_essence_common":202,"scalinghealth:heart_crystal":4,"minecraft:air":815,"minecraft:gold_nugget":9,"minecraft:gunpowder":22,"minecraft:wooden_axe":1,"minecraft:writable_book":1,"minecraft:iron_leggings":4,"minecraft:anvil":1,"minecraft:torch":73,"create:zinc_ingot":9,"minecraft:diamond_chestplate":2}},"DataVersion":3465}