{"stats":{"minecraft:killed":{"endofherobrine:silverfish":24,"minecraft:zombified_piglin":22,"minecraft:witch":1,"minecraft:spider":5,"minecraft:skeleton":73,"minecraft:chicken":6,"boh:rat":1,"minecraft:piglin_brute":6,"minecraft:piglin":20,"minecraft:pig":4,"minecraft:zombie_villager":1,"mutantmonsters:mutant_skeleton":3,"minecraft:creeper":25,"minecraft:zombie":44,"minecraft:stray":1,"endofherobrine:chicken":1,"endofherobrine:cow":2,"mutantmonsters:mutant_creeper":1,"minecraft:cow":2,"alexsmobs:seagull":1,"minecraft:phantom":11,"alexsmobs:bison":3,"minecraft:squid":1,"mutantmonsters:creeper_minion":1,"mutantmonsters:mutant_zombie":1},"minecraft:dropped":{"marbledsarsenal:black_juggernaut_armor_chestplate":1,"minecraft:birch_planks":26,"minecraft:orange_tulip":1,"travelersbackpack:standard":1,"minecraft:dirt":7,"minecraft:raw_copper_block":2,"minecraft:cornflower":1,"minecraft:snowball":11,"minecraft:polished_blackstone_bricks":1,"mutantmonsters:creeper_minion_tracker":1,"minecraft:iron_pickaxe":3,"marbledsarsenal:black_juggernaut_armor_leggings":1,"minecraft:birch_log":16,"minecraft:gold_ingot":6,"minecraft:bone":10,"minecraft:gravel":2,"minecraft:stone_axe":1,"minecraft:blackstone":1,"alexsmobs:animal_dictionary":2,"minecraft:cobbled_deepslate":30,"minecraft:yellow_wool":9,"minecraft:rotten_flesh":3,"minecraft:carrot":1,"minecraft:chainmail_chestplate":1,"create:scoria":1,"travelersbackpack:white_sleeping_bag":1,"minecraft:chainmail_boots":1,"minecraft:arrow":1,"minecraft:golden_boots":2,"minecraft:wheat_seeds":64,"farmersdelight:skillet":4,"minecraft:dripstone_block":1,"minecraft:cobblestone":8,"minecraft:iron_helmet":1,"minecraft:chainmail_helmet":1,"minecraft:stick":5,"minecraft:lava_bucket":1,"tacz:ammo_box":1,"tombstone:grave_dust":3,"tacz:modern_kinetic_gun":4,"minecraft:iron_axe":26,"minecraft:smooth_stone":1,"minecraft:chainmail_leggings":3,"minecraft:string":2,"minecraft:bucket":1,"minecraft:music_disc_cat":1,"minecraft:spruce_sapling":3,"marbledsarsenal:black_juggernaut_armor_boots":1,"minecraft:stone_sword":1,"farmersdelight:cabbage_seeds":28,"minecraft:tuff":7,"minecraft:clay_ball":1,"minecraft:stripped_oak_log":1,"minecraft:torchflower_seeds":6,"pointblank:gunmetal_nugget":1,"minecraft:lily_of_the_valley":1,"minecraft:potato":2,"minecraft:allium":2,"minecraft:peony":1,"minecraft:diamond_pickaxe":15,"minecraft:andesite":44,"marbledsarsenal:black_juggernaut_armor_helmet":1,"minecraft:golden_leggings":1,"minecraft:andesite_stairs":1,"minecraft:stone_bricks":4,"minecraft:spruce_log":36,"minecraft:stone_pickaxe":2,"minecraft:bow":5,"minecraft:magma_block":2},"minecraft:custom":{"minecraft:interact_with_crafting_table":155,"minecraft:open_barrel":18,"minecraft:bell_ring":7,"minecraft:leave_game":47,"minecraft:time_since_death":993,"minecraft:damage_resisted":66,"minecraft:sprint_one_cm":1711543,"minecraft:damage_blocked_by_shield":10801,"minecraft:drop":154,"minecraft:talked_to_villager":3,"minecraft:play_time":964220,"minecraft:deaths":40,"minecraft:jump":6890,"minecraft:interact_with_brewingstand":1,"minecraft:walk_on_water_one_cm":74863,"minecraft:enchant_item":2,"minecraft:interact_with_furnace":113,"minecraft:sleep_in_bed":29,"minecraft:waystone_activated":1,"minecraft:damage_dealt":20225,"minecraft:crouch_one_cm":23324,"tombstone:undead_killed":145,"minecraft:interact_with_smoker":19,"minecraft:horse_one_cm":418,"minecraft:interact_with_smithing_table":4,"minecraft:interact_with_anvil":9,"minecraft:mob_kills":280,"minecraft:inspect_hopper":2,"minecraft:damage_dealt_resisted":11069,"minecraft:climb_one_cm":13780,"minecraft:walk_one_cm":4826451,"minecraft:sneak_time":10068,"minecraft:walk_under_water_one_cm":55831,"minecraft:interact_with_blast_furnace":28,"minecraft:total_world_time":964946,"spartanshields:shield_bash_hits":19,"tombstone:raider_killed":1,"minecraft:interact_with_stonecutter":2,"minecraft:time_since_rest":710,"minecraft:damage_taken":22897,"minecraft:trigger_trapped_chest":1,"minecraft:swim_one_cm":15712,"minecraft:fly_one_cm":877882,"minecraft:open_chest":856,"minecraft:fall_one_cm":126300},"minecraft:picked_up":{"minecraft:iron_chestplate":2,"minecraft:wheat":3,"minecraft:chainmail_boots":1,"minecraft:anvil":1,"minecraft:flower_pot":1,"minecraft:yellow_wool":18,"minecraft:lead":1,"boh:spinel":4,"minecraft:gilded_blackstone":3,"minecraft:brewing_stand":1,"minecraft:golden_sword":4,"farmersdelight:cutting_board":1,"minecraft:music_disc_cat":1,"paraglider:goddess_statue":1,"minecraft:string":19,"minecraft:raw_copper":212,"minecraft:smooth_stone_slab":11,"minecraft:iron_leggings":2,"create:andesite_funnel":4,"minecraft:gold_nugget":6,"minecraft:diamond_leggings":1,"minecraft:red_sand":12,"minecraft:smooth_stone":2,"minecraft:cobbled_deepslate":107,"minecraft:bucket":2,"farmersdelight:cabbage":6,"minecraft:calcite":330,"minecraft:iron_pickaxe":3,"farmersdelight:cabbage_seeds":37,"minecraft:furnace":7,"minecraft:tipped_arrow":65,"minecraft:stick":72,"farmersdelight:potato_crate":3,"mcwbridges:andesite_bridge_stair":2,"travelersbackpack:yellow_sleeping_bag":5,"minecraft:torch":54,"minecraft:porkchop":11,"minecraft:golden_axe":1,"minecraft:pointed_dripstone":21,"tombstone:grave_dust":21,"farmersdelight:chicken_cuts":2,"minecraft:golden_chestplate":1,"minecraft:green_terracotta":2,"create:large_cogwheel":2,"mutantmonsters:hulk_hammer":2,"minecraft:quartz_block":2,"minecraft:cactus":5,"minecraft:rotten_flesh":51,"create:scoria":1,"mcwdoors:metal_windowed_door":2,"minecraft:cyan_terracotta":298,"minecraft:snowball":75,"minecraft:cobblestone":177,"minecraft:birch_log":257,"minecraft:magma_block":2,"minecraft:feather":7,"minecraft:cooked_beef":17,"minecraft:iron_door":2,"minecraft:andesite":237,"minecraft:smoker":3,"minecraft:potato":21,"alexsmobs:bison_fur":6,"paraglider:spirit_orb":2,"minecraft:flint":54,"minecraft:tuff":47,"create:raw_zinc":52,"farmersdelight:carrot_crate":2,"skilltree:gem":54,"minecraft:dirt":177,"minecraft:lapis_lazuli":73,"farmersdelight:tomato":2,"create:encased_chain_drive":5,"tacz:ammo_box":1,"minecraft:leather_boots":1,"minecraft:bone":92,"minecraft:gray_terracotta":5,"minecraft:stonecutter":1,"minecraft:bow":11,"minecraft:wheat_seeds":750,"minecraft:orange_tulip":1,"minecraft:raw_gold":37,"create:mechanical_drill":1,"minecraft:diamond_helmet":1,"minecraft:glowstone_dust":2,"minecraft:moss_block":89,"minecraft:oak_planks":4,"minecraft:cooked_porkchop":1,"create:cogwheel":1,"minecraft:sand":27,"create:copycat_panel":10,"minecraft:ink_sac":3,"minecraft:lily_of_the_valley":1,"minecraft:trapped_chest":1,"alexsmobs:animal_dictionary":1,"travelersbackpack:white_sleeping_bag":2,"minecraft:iron_hoe":1,"minecraft:bundle":1,"minecraft:polished_andesite":8,"minecraft:diamond":6,"waystones:waystone":3,"minecraft:granite":2,"minecraft:bone_meal":1,"minecraft:bread":1,"scalinghealth:cursed_heart":1,"minecraft:chainmail_helmet":2,"minecraft:oak_sapling":112,"minecraft:netherrack":15,"minecraft:diamond_pickaxe":32,"minecraft:crafting_table":1,"minecraft:coarse_dirt":101,"minecraft:allium":10,"minecraft:chicken":7,"minecraft:nether_wart":2,"minecraft:clay_ball":129,"minecraft:turtle_helmet":1,"minecraft:brown_mushroom":12,"minecraft:wooden_pickaxe":1,"minecraft:gold_block":1,"boh:desire_edge":1,"minecraft:cornflower":2,"minecraft:iron_axe":29,"tacz:ammo":150,"create:chute":1,"minecraft:blackstone":1,"minecraft:beef":23,"travelersbackpack:lapis":2,"minecraft:andesite_stairs":1,"farmersdelight:straw":1166,"alexsmobs:soul_heart":1,"minecraft:poppy":2,"farmersdelight:golden_knife":1,"minecraft:sugar_cane":13,"minecraft:chest":3,"minecraft:birch_sapling":33,"minecraft:raw_copper_block":3,"minecraft:egg":9,"minecraft:raw_iron":78,"minecraft:oak_door":1,"farmersdelight:minced_beef":44,"minecraft:polished_blackstone_bricks":1,"pointblank:gunmetal_nugget":274,"minecraft:carrot":31,"minecraft:redstone":58,"travelersbackpack:sponge":3,"minecraft:arrow":106,"minecraft:diamond_chestplate":1,"minecraft:beetroot_seeds":1,"minecraft:peony":2,"minecraft:diamond_boots":1,"k_turrets:raw_titanium":31,"pvz_zengarden:zengarden_guide":1,"tombstone:essence_of_undeath":2,"create:cut_calcite_bricks":1,"minecraft:white_wool":9,"minecraft:rail":147,"minecraft:stripped_oak_log":1,"create:iron_sheet":1,"minecraft:glow_ink_sac":16,"minecraft:leather":1,"minecraft:birch_planks":2,"minecraft:oak_log":534,"minecraft:chainmail_chestplate":2,"scalinghealth:bandages":15,"minecraft:golden_boots":1,"minecraft:gunpowder":26,"scalinghealth:heart_crystal":13,"farmersdelight:tatami":104,"farmersdelight:skillet":7,"farmersdelight:flint_knife":2,"minecraft:paper":8,"minecraft:apple":12,"minecraft:stone_bricks":8,"boh:kindness_flower":1,"minecraft:stone_pickaxe":2,"minecraft:iron_ingot":2,"scalinghealth:power_crystal_shard":2,"tombstone:bag_of_seeds":1,"immersive_aircraft:airship":2,"minecraft:iron_sword":5,"minecraft:soul_sand":1,"minecraft:book":21,"scalinghealth:heart_crystal_shard":23,"minecraft:smooth_basalt":6,"minecraft:sweet_berries":37,"minecraft:torchflower_seeds":3,"minecraft:dandelion":1,"minecraft:dripstone_block":1,"minecraft:gravel":38,"minecraft:spruce_sapling":3,"minecraft:blast_furnace":2,"minecraft:spruce_log":40,"minecraft:spider_eye":5,"travelersbackpack:standard":1,"create:millstone":1,"tacz:modern_kinetic_gun":5,"minecraft:chainmail_leggings":3,"create:encased_fan":2,"minecraft:iron_helmet":2,"storagedrawers:oak_full_drawers_2":2,"minecraft:oak_button":1,"tombstone:magic_scroll":6,"minecraft:coal":271,"minecraft:hopper":7},"minecraft:broken":{"minecraft:stone_pickaxe":1,"minecraft:diamond_boots":1,"spartanshields:stone_basic_shield":1,"minecraft:chainmail_helmet":1,"minecraft:wooden_pickaxe":1,"minecraft:iron_axe":2,"minecraft:iron_pickaxe":2},"minecraft:mined":{"minecraft:large_amethyst_bud":1,"minecraft:jungle_leaves":2,"minecraft:brewing_stand":1,"minecraft:granite":2,"minecraft:red_sand":2,"minecraft:grass_block":114,"travelersbackpack:sponge":3,"minecraft:hopper":7,"minecraft:nether_wart":1,"minecraft:gilded_blackstone":3,"minecraft:spawner":1,"minecraft:polished_blackstone_bricks":1,"minecraft:magma_block":1,"minecraft:cobbled_deepslate":1,"minecraft:fire":2,"minecraft:iron_ore":41,"minecraft:anvil":1,"minecraft:deepslate_lapis_ore":3,"minecraft:pointed_dripstone":9,"minecraft:dirt_path":1,"minecraft:small_amethyst_bud":1,"minecraft:deepslate_redstone_ore":14,"minecraft:gray_terracotta":6,"create:cogwheel":1,"minecraft:brown_mushroom":12,"minecraft:quartz_block":2,"minecraft:cyan_terracotta":304,"minecraft:blackstone":1,"minecraft:medium_amethyst_bud":1,"minecraft:smoker":1,"farmersdelight:potato_crate":3,"minecraft:clay":32,"minecraft:torch":23,"minecraft:blast_furnace":2,"minecraft:calcite":308,"minecraft:poppy":2,"minecraft:chest":3,"create:scoria":1,"minecraft:dead_bush":1,"minecraft:cobblestone":11,"minecraft:sugar_cane":9,"minecraft:oak_planks":4,"minecraft:iron_door":2,"minecraft:wall_torch":22,"farmersdelight:sandy_shrub":6,"boh:spinel_ore_ore":4,"minecraft:yellow_wool":9,"minecraft:birch_log":258,"minecraft:wheat":3,"create:copycat_panel":11,"minecraft:orange_tulip":1,"storagedrawers:oak_full_drawers_2":2,"minecraft:smooth_stone_slab":13,"minecraft:grass":5106,"minecraft:oak_log":531,"minecraft:sand":14,"minecraft:dirt":26,"create:encased_chain_drive":6,"minecraft:raw_copper_block":4,"minecraft:stonecutter":1,"minecraft:netherrack":15,"minecraft:oak_leaves":67,"minecraft:deepslate":81,"create:zinc_ore":52,"minecraft:tuff":22,"mcwbridges:andesite_bridge_stair":2,"create:millstone":1,"travelersbackpack:lapis":2,"minecraft:deepslate_diamond_ore":6,"minecraft:allium":11,"create:large_cogwheel":2,"minecraft:white_stained_glass":3,"create:encased_fan":2,"travelersbackpack:white_sleeping_bag":1,"minecraft:spruce_leaves":10,"farmersdelight:wild_cabbages":39,"minecraft:moss_block":89,"minecraft:large_fern":76,"farmersdelight:wild_onions":1,"minecraft:furnace":7,"minecraft:carrots":8,"minecraft:nether_sprouts":4,"minecraft:andesite":233,"minecraft:green_terracotta":2,"minecraft:peony":2,"minecraft:gold_block":1,"minecraft:bookshelf":7,"minecraft:potatoes":4,"minecraft:deepslate_iron_ore":37,"travelersbackpack:yellow_sleeping_bag":5,"minecraft:vine":3,"minecraft:rail":144,"create:chute":1,"minecraft:stripped_oak_log":1,"minecraft:stone":155,"minecraft:white_wool":9,"minecraft:soul_sand":1,"minecraft:lily_of_the_valley":1,"minecraft:dandelion":1,"boh:kindness_flower":1,"minecraft:crafting_table":1,"minecraft:cornflower":2,"farmersdelight:carrot_crate":2,"minecraft:tall_grass":798,"minecraft:copper_ore":60,"endofherobrine:glowing_obsidian":4,"minecraft:deepslate_coal_ore":2,"mcwdoors:metal_windowed_door":2,"minecraft:deepslate_gold_ore":23,"minecraft:lapis_ore":11,"farmersdelight:wild_beetroots":1,"farmersdelight:skillet":1,"minecraft:cactus":4,"minecraft:coarse_dirt":55,"minecraft:spruce_log":40,"minecraft:birch_leaves":6,"farmersdelight:tatami":104,"create:mechanical_drill":1,"k_turrets:titanium_ore":31,"minecraft:coal_ore":71,"minecraft:dripstone_block":3,"minecraft:gravel":11,"minecraft:cobweb":8,"minecraft:oak_button":1,"minecraft:stone_bricks":8,"minecraft:polished_andesite":8,"create:andesite_funnel":4,"minecraft:fern":267,"paraglider:goddess_statue":1},"minecraft:used":{"minecraft:moss_block":42,"minecraft:red_sand":2,"minecraft:iron_shovel":131,"immersive_aircraft:airship":3,"travelersbackpack:lapis":2,"farmersdelight:cabbage_seeds":9,"minecraft:chest":13,"minecraft:iron_sword":179,"minecraft:stone":23,"minecraft:nether_wart":1,"minecraft:rotten_flesh":13,"minecraft:spruce_leaves":1,"paraglider:goddess_statue":1,"minecraft:soul_sand":1,"minecraft:birch_pressure_plate":2,"minecraft:carrot":18,"minecraft:snowball":9,"minecraft:cyan_terracotta":128,"minecraft:stone_bricks":17,"create:andesite_funnel":2,"mcwdoors:metal_windowed_door":4,"farmersdelight:cutting_board":2,"minecraft:bow":425,"minecraft:furnace":3,"minecraft:potato":23,"minecraft:oak_planks":4,"minecraft:stone_pickaxe":376,"minecraft:wooden_pickaxe":59,"minecraft:chainmail_helmet":1,"minecraft:sugar_cane":2,"spartanshields:diamond_basic_shield":118,"farmersdelight:tatami":336,"minecraft:blast_furnace":3,"waystones:waystone":1,"minecraft:bread":1,"spartanshields:stone_basic_shield":25,"tombstone:grave_key":23,"minecraft:oak_pressure_plate":1,"minecraft:gravel":2,"minecraft:andesite":26,"minecraft:smooth_stone_slab":61,"minecraft:oak_boat":1,"minecraft:coarse_dirt":24,"storagedrawers:oak_full_drawers_2":1,"minecraft:iron_bars":25,"minecraft:cooked_chicken":1,"minecraft:oak_door":1,"minecraft:torch":101,"minecraft:dirt":81,"minecraft:anvil":1,"scalinghealth:heart_crystal":4,"farmersdelight:flint_knife":6256,"farmersdelight:carrot_crate":4,"minecraft:hopper":11,"minecraft:cobblestone_wall":5,"minecraft:iron_hoe":68,"minecraft:iron_axe":791,"minecraft:smooth_basalt":6,"travelersbackpack:sponge":1,"scalinghealth:bandages":1,"tombstone:gift":8,"mcwbridges:andesite_bridge_stair":2,"minecraft:cooked_beef":13,"farmersdelight:tomato_seeds":6,"minecraft:cobbled_deepslate":6,"farmersdelight:potato_crate":4,"tombstone:decorative_grave_original":2,"minecraft:calcite":189,"minecraft:wheat_seeds":10,"minecraft:water_bucket":4,"farmersdelight:skillet":175,"minecraft:polished_andesite":2,"minecraft:glass_bottle":30,"minecraft:baked_potato":32,"minecraft:stonecutter":1,"create:cut_calcite_bricks":65,"minecraft:rail":79,"create:encased_fan":1,"minecraft:crafting_table":5,"minecraft:smoker":2,"minecraft:oak_log":8,"tombstone:bag_of_seeds":1,"minecraft:apple":2,"minecraft:diamond_pickaxe":695,"minecraft:iron_pickaxe":664,"travelersbackpack:white_sleeping_bag":1,"mcwdoors:oak_western_door":4,"minecraft:stone_axe":68,"scalinghealth:medkit":1,"minecraft:cobblestone":94,"toughasnails:purified_water_bottle":41,"minecraft:acacia_pressure_plate":2,"minecraft:cooked_porkchop":11,"minecraft:andesite_stairs":4,"minecraft:bucket":6,"minecraft:splash_potion":4,"travelersbackpack:yellow_sleeping_bag":6,"minecraft:smooth_stone":21},"minecraft:killed_by":{"minecraft:zombified_piglin":1,"minecraft:piglin_brute":5,"minecraft:creeper":3,"mutantmonsters:mutant_creeper":1,"minecraft:zombie":6,"mutantmonsters:mutant_skeleton":3,"minecraft:skeleton":5,"boh:rat":1},"minecraft:crafted":{"immersive_aircraft:engine":1,"immersive_aircraft:hull_reinforcement":1,"minecraft:smooth_stone":3,"minecraft:oak_planks":123,"travelersbackpack:crafting_upgrade":1,"farmersdelight:canvas":232,"minecraft:cooked_chicken":1,"travelersbackpack:yellow_sleeping_bag":1,"minecraft:stone":3,"k_turrets:titanium_ingot":18,"minecraft:potato":1,"minecraft:glass":13,"minecraft:hopper":4,"minecraft:bow":3,"minecraft:raw_copper":9,"immersive_aircraft:hull":5,"minecraft:chest":16,"mcwdoors:metal_door":2,"minecraft:smoker":1,"tombstone:decorative_grave_original":2,"travelersbackpack:iron_tier_upgrade":1,"minecraft:cooked_porkchop":11,"minecraft:crafting_table":4,"travelersbackpack:lapis":1,"minecraft:spruce_planks":8,"mutantmonsters:creeper_minion_tracker":1,"travelersbackpack:standard":1,"minecraft:copper_ingot":152,"minecraft:birch_planks":35,"farmersdelight:tatami":232,"farmersdelight:skillet":1,"tombstone:white_marble":10,"minecraft:tnt":1,"farmersdelight:cutting_board":1,"minecraft:string":35,"minecraft:stick":14,"minecraft:iron_ingot":47,"minecraft:iron_pickaxe":3,"minecraft:stone_sword":1,"minecraft:gold_ingot":6,"spartanshields:wooden_basic_shield":2,"minecraft:iron_nugget":1,"farmersdelight:potato_crate":2,"immersive_aircraft:sail":6,"minecraft:furnace":1,"minecraft:blast_furnace":2,"minecraft:piston":2,"minecraft:bone_meal":4,"spartanshields:diamond_basic_shield":1,"minecraft:white_carpet":36,"travelersbackpack:blank_upgrade":4,"minecraft:glass_pane":16,"travelersbackpack:white_sleeping_bag":1,"farmersdelight:carrot_crate":2,"minecraft:iron_axe":4,"minecraft:stone_pickaxe":3,"minecraft:diamond_boots":1,"minecraft:minecart":1,"immersive_aircraft:airship":1,"mcwdoors:metal_windowed_door":2,"immersive_aircraft:improved_landing_gear":1,"scalinghealth:heart_dust":2,"immersive_aircraft:boiler":1,"pointblank:gunmetal_ingot":9,"travelersbackpack:backpack_tank":4,"spartanshields:stone_basic_shield":1,"mobdropsrecipes_overworld:overworld_essence_common":105,"minecraft:bucket":4,"minecraft:stone_axe":1,"minecraft:air":364,"minecraft:oak_boat":1,"minecraft:white_wool":24,"minecraft:iron_shovel":1,"farmersdelight:diamond_knife":1,"minecraft:torch":40,"create:zinc_ingot":43,"minecraft:lapis_block":4}},"DataVersion":3465}