{"stats":{"minecraft:custom":{"minecraft:interact_with_crafting_table":144,"minecraft:open_barrel":1,"minecraft:bell_ring":7,"minecraft:leave_game":46,"minecraft:time_since_death":186257,"minecraft:damage_resisted":66,"minecraft:sprint_one_cm":1557405,"minecraft:damage_blocked_by_shield":7161,"minecraft:drop":116,"minecraft:talked_to_villager":3,"minecraft:play_time":851141,"minecraft:deaths":32,"minecraft:jump":6155,"minecraft:interact_with_brewingstand":1,"minecraft:walk_on_water_one_cm":66409,"minecraft:enchant_item":2,"minecraft:interact_with_furnace":113,"minecraft:sleep_in_bed":28,"minecraft:waystone_activated":1,"minecraft:damage_dealt":16424,"minecraft:crouch_one_cm":16278,"tombstone:undead_killed":100,"minecraft:interact_with_smoker":16,"minecraft:horse_one_cm":418,"minecraft:interact_with_smithing_table":4,"minecraft:interact_with_anvil":5,"minecraft:mob_kills":197,"minecraft:inspect_hopper":2,"minecraft:damage_dealt_resisted":6078,"minecraft:climb_one_cm":13780,"minecraft:walk_one_cm":4463003,"minecraft:sneak_time":8285,"minecraft:walk_under_water_one_cm":49574,"minecraft:interact_with_blast_furnace":27,"minecraft:total_world_time":851867,"spartanshields:shield_bash_hits":13,"tombstone:raider_killed":1,"minecraft:interact_with_stonecutter":2,"minecraft:time_since_rest":29494,"minecraft:damage_taken":17716,"minecraft:swim_one_cm":15507,"minecraft:fly_one_cm":803000,"minecraft:open_chest":768,"minecraft:fall_one_cm":103473},"minecraft:crafted":{"minecraft:smooth_stone":3,"minecraft:oak_planks":107,"travelersbackpack:crafting_upgrade":1,"farmersdelight:canvas":230,"minecraft:cooked_chicken":1,"travelersbackpack:yellow_sleeping_bag":1,"minecraft:stone":3,"k_turrets:titanium_ingot":18,"minecraft:potato":1,"minecraft:glass":13,"minecraft:hopper":4,"minecraft:bow":2,"minecraft:raw_copper":9,"immersive_aircraft:hull":2,"minecraft:chest":16,"mcwdoors:metal_door":2,"minecraft:smoker":1,"tombstone:decorative_grave_original":2,"travelersbackpack:iron_tier_upgrade":1,"minecraft:cooked_porkchop":11,"minecraft:crafting_table":4,"travelersbackpack:lapis":1,"minecraft:spruce_planks":8,"mutantmonsters:creeper_minion_tracker":1,"travelersbackpack:standard":1,"minecraft:copper_ingot":145,"minecraft:birch_planks":35,"farmersdelight:tatami":226,"farmersdelight:skillet":1,"tombstone:white_marble":10,"minecraft:tnt":1,"farmersdelight:cutting_board":1,"minecraft:string":35,"minecraft:stick":14,"minecraft:iron_ingot":47,"minecraft:iron_pickaxe":3,"minecraft:stone_sword":1,"minecraft:gold_ingot":1,"spartanshields:wooden_basic_shield":2,"minecraft:iron_nugget":1,"farmersdelight:potato_crate":2,"immersive_aircraft:sail":6,"minecraft:furnace":1,"minecraft:blast_furnace":2,"minecraft:bone_meal":4,"spartanshields:diamond_basic_shield":1,"minecraft:white_carpet":36,"travelersbackpack:blank_upgrade":4,"minecraft:glass_pane":16,"travelersbackpack:white_sleeping_bag":1,"farmersdelight:carrot_crate":2,"minecraft:iron_axe":4,"minecraft:stone_pickaxe":3,"minecraft:minecart":1,"mcwdoors:metal_windowed_door":2,"scalinghealth:heart_dust":1,"pointblank:gunmetal_ingot":9,"travelersbackpack:backpack_tank":4,"spartanshields:stone_basic_shield":1,"mobdropsrecipes_overworld:overworld_essence_common":105,"minecraft:bucket":4,"minecraft:stone_axe":1,"minecraft:air":167,"minecraft:oak_boat":1,"minecraft:white_wool":24,"minecraft:iron_shovel":1,"farmersdelight:diamond_knife":1,"minecraft:torch":40,"create:zinc_ingot":43,"minecraft:lapis_block":4},"minecraft:killed_by":{"minecraft:piglin_brute":3,"minecraft:creeper":2,"mutantmonsters:mutant_creeper":1,"minecraft:zombie":6,"mutantmonsters:mutant_skeleton":3,"minecraft:skeleton":4,"boh:rat":1},"minecraft:killed":{"endofherobrine:silverfish":24,"minecraft:zombified_piglin":1,"minecraft:witch":1,"minecraft:spider":4,"minecraft:skeleton":60,"minecraft:chicken":6,"boh:rat":1,"minecraft:piglin_brute":1,"minecraft:piglin":8,"minecraft:pig":4,"minecraft:zombie_villager":1,"mutantmonsters:mutant_skeleton":3,"minecraft:creeper":15,"minecraft:zombie":33,"minecraft:stray":1,"endofherobrine:chicken":1,"endofherobrine:cow":2,"mutantmonsters:mutant_creeper":1,"minecraft:cow":2,"alexsmobs:seagull":1,"minecraft:phantom":7,"alexsmobs:bison":3,"minecraft:squid":1,"mutantmonsters:creeper_minion":1,"mutantmonsters:mutant_zombie":1},"minecraft:mined":{"minecraft:large_amethyst_bud":1,"minecraft:jungle_leaves":2,"minecraft:brewing_stand":1,"minecraft:granite":2,"minecraft:red_sand":2,"travelersbackpack:sponge":3,"minecraft:grass_block":98,"minecraft:hopper":7,"minecraft:nether_wart":1,"minecraft:spawner":1,"minecraft:magma_block":1,"minecraft:iron_ore":41,"minecraft:fire":2,"minecraft:anvil":1,"minecraft:pointed_dripstone":9,"minecraft:dirt_path":1,"minecraft:small_amethyst_bud":1,"minecraft:gray_terracotta":6,"create:cogwheel":1,"minecraft:brown_mushroom":12,"minecraft:quartz_block":2,"minecraft:cyan_terracotta":297,"minecraft:blackstone":1,"minecraft:medium_amethyst_bud":1,"minecraft:smoker":1,"farmersdelight:potato_crate":3,"minecraft:clay":32,"minecraft:torch":17,"minecraft:blast_furnace":2,"minecraft:calcite":299,"minecraft:poppy":2,"minecraft:chest":3,"minecraft:cobblestone":11,"minecraft:oak_planks":4,"minecraft:sugar_cane":9,"minecraft:iron_door":2,"minecraft:wall_torch":16,"farmersdelight:sandy_shrub":6,"boh:spinel_ore_ore":4,"minecraft:yellow_wool":9,"minecraft:birch_log":258,"minecraft:wheat":3,"create:copycat_panel":11,"minecraft:orange_tulip":1,"storagedrawers:oak_full_drawers_2":2,"minecraft:grass":5011,"minecraft:oak_log":531,"minecraft:sand":14,"minecraft:dirt":25,"create:encased_chain_drive":6,"minecraft:stonecutter":1,"minecraft:raw_copper_block":4,"minecraft:netherrack":5,"minecraft:oak_leaves":67,"minecraft:deepslate":56,"create:zinc_ore":52,"minecraft:tuff":20,"create:millstone":1,"travelersbackpack:lapis":1,"minecraft:deepslate_diamond_ore":3,"minecraft:allium":11,"create:large_cogwheel":2,"minecraft:white_stained_glass":3,"travelersbackpack:white_sleeping_bag":1,"create:encased_fan":2,"farmersdelight:wild_cabbages":39,"minecraft:spruce_leaves":10,"minecraft:moss_block":89,"minecraft:large_fern":76,"minecraft:furnace":7,"minecraft:carrots":8,"minecraft:nether_sprouts":4,"minecraft:andesite":225,"minecraft:green_terracotta":2,"minecraft:peony":1,"minecraft:gold_block":1,"minecraft:bookshelf":7,"minecraft:potatoes":4,"minecraft:deepslate_iron_ore":17,"travelersbackpack:yellow_sleeping_bag":5,"minecraft:vine":2,"minecraft:rail":87,"create:chute":1,"minecraft:stripped_oak_log":1,"minecraft:stone":155,"minecraft:white_wool":9,"minecraft:soul_sand":1,"minecraft:lily_of_the_valley":1,"minecraft:dandelion":1,"boh:kindness_flower":1,"minecraft:crafting_table":1,"minecraft:cornflower":2,"endofherobrine:glowing_obsidian":4,"farmersdelight:carrot_crate":2,"minecraft:copper_ore":60,"minecraft:tall_grass":798,"minecraft:deepslate_coal_ore":2,"mcwdoors:metal_windowed_door":2,"minecraft:deepslate_gold_ore":17,"minecraft:lapis_ore":11,"farmersdelight:wild_beetroots":1,"minecraft:cactus":4,"minecraft:coarse_dirt":55,"minecraft:spruce_log":40,"minecraft:birch_leaves":6,"farmersdelight:tatami":104,"create:mechanical_drill":1,"k_turrets:titanium_ore":31,"minecraft:coal_ore":71,"minecraft:gravel":11,"minecraft:dripstone_block":3,"minecraft:cobweb":8,"minecraft:oak_button":1,"minecraft:stone_bricks":8,"minecraft:polished_andesite":8,"create:andesite_funnel":4,"paraglider:goddess_statue":1,"minecraft:fern":267},"minecraft:dropped":{"minecraft:birch_planks":26,"minecraft:orange_tulip":1,"travelersbackpack:standard":1,"minecraft:dirt":7,"minecraft:raw_copper_block":2,"minecraft:cornflower":1,"mutantmonsters:creeper_minion_tracker":1,"minecraft:iron_pickaxe":2,"minecraft:birch_log":16,"minecraft:gold_ingot":6,"minecraft:bone":10,"minecraft:gravel":1,"minecraft:stone_axe":1,"minecraft:blackstone":1,"alexsmobs:animal_dictionary":2,"minecraft:yellow_wool":9,"minecraft:rotten_flesh":2,"minecraft:carrot":1,"minecraft:chainmail_chestplate":1,"travelersbackpack:white_sleeping_bag":1,"minecraft:chainmail_boots":1,"minecraft:arrow":1,"minecraft:golden_boots":1,"minecraft:wheat_seeds":56,"farmersdelight:skillet":3,"minecraft:dripstone_block":1,"minecraft:cobblestone":8,"minecraft:iron_helmet":1,"minecraft:chainmail_helmet":1,"minecraft:stick":3,"minecraft:lava_bucket":1,"tacz:ammo_box":1,"tombstone:grave_dust":3,"tacz:modern_kinetic_gun":2,"minecraft:iron_axe":24,"minecraft:smooth_stone":1,"minecraft:chainmail_leggings":3,"minecraft:string":2,"minecraft:bucket":1,"minecraft:music_disc_cat":1,"minecraft:spruce_sapling":3,"minecraft:stone_sword":1,"farmersdelight:cabbage_seeds":28,"minecraft:tuff":2,"minecraft:clay_ball":1,"minecraft:stripped_oak_log":1,"pointblank:gunmetal_nugget":1,"minecraft:lily_of_the_valley":1,"minecraft:potato":2,"minecraft:allium":2,"minecraft:diamond_pickaxe":15,"minecraft:andesite":44,"minecraft:andesite_stairs":1,"minecraft:stone_bricks":4,"minecraft:spruce_log":36,"minecraft:stone_pickaxe":2,"minecraft:bow":3},"minecraft:used":{"minecraft:moss_block":42,"minecraft:red_sand":2,"minecraft:iron_shovel":114,"travelersbackpack:lapis":2,"farmersdelight:cabbage_seeds":9,"minecraft:chest":13,"minecraft:stone":23,"minecraft:iron_sword":179,"minecraft:nether_wart":1,"minecraft:rotten_flesh":13,"minecraft:spruce_leaves":1,"paraglider:goddess_statue":1,"minecraft:soul_sand":1,"minecraft:birch_pressure_plate":2,"minecraft:carrot":18,"minecraft:snowball":9,"minecraft:cyan_terracotta":128,"minecraft:stone_bricks":17,"create:andesite_funnel":2,"mcwdoors:metal_windowed_door":4,"farmersdelight:cutting_board":2,"minecraft:bow":283,"minecraft:furnace":3,"minecraft:potato":23,"minecraft:oak_planks":4,"minecraft:stone_pickaxe":376,"minecraft:wooden_pickaxe":59,"minecraft:chainmail_helmet":1,"minecraft:sugar_cane":2,"spartanshields:diamond_basic_shield":67,"farmersdelight:tatami":330,"minecraft:blast_furnace":3,"waystones:waystone":1,"minecraft:bread":1,"spartanshields:stone_basic_shield":25,"tombstone:grave_key":23,"minecraft:oak_pressure_plate":1,"minecraft:gravel":2,"minecraft:andesite":24,"minecraft:smooth_stone_slab":14,"minecraft:oak_boat":1,"minecraft:coarse_dirt":24,"storagedrawers:oak_full_drawers_2":1,"minecraft:iron_bars":25,"minecraft:cooked_chicken":1,"minecraft:oak_door":1,"minecraft:torch":88,"minecraft:dirt":80,"minecraft:anvil":1,"scalinghealth:heart_crystal":3,"farmersdelight:flint_knife":6157,"farmersdelight:carrot_crate":4,"minecraft:hopper":11,"minecraft:cobblestone_wall":5,"minecraft:iron_hoe":68,"minecraft:iron_axe":791,"minecraft:smooth_basalt":6,"travelersbackpack:sponge":1,"tombstone:gift":8,"minecraft:cooked_beef":13,"farmersdelight:tomato_seeds":6,"farmersdelight:potato_crate":4,"tombstone:decorative_grave_original":2,"minecraft:calcite":187,"minecraft:wheat_seeds":10,"minecraft:water_bucket":4,"farmersdelight:skillet":105,"minecraft:polished_andesite":2,"minecraft:glass_bottle":26,"minecraft:baked_potato":23,"minecraft:stonecutter":1,"create:cut_calcite_bricks":65,"minecraft:rail":73,"create:encased_fan":1,"minecraft:crafting_table":5,"minecraft:smoker":2,"minecraft:oak_log":8,"minecraft:diamond_pickaxe":510,"minecraft:apple":2,"minecraft:iron_pickaxe":664,"travelersbackpack:white_sleeping_bag":1,"mcwdoors:oak_western_door":4,"minecraft:stone_axe":68,"minecraft:cobblestone":94,"toughasnails:purified_water_bottle":37,"minecraft:acacia_pressure_plate":2,"minecraft:cooked_porkchop":11,"minecraft:andesite_stairs":4,"minecraft:bucket":6,"minecraft:splash_potion":4,"travelersbackpack:yellow_sleeping_bag":6,"minecraft:smooth_stone":21},"minecraft:picked_up":{"minecraft:iron_chestplate":2,"minecraft:wheat":3,"minecraft:anvil":1,"minecraft:yellow_wool":18,"minecraft:lead":1,"boh:spinel":4,"minecraft:brewing_stand":1,"farmersdelight:cutting_board":1,"minecraft:music_disc_cat":1,"paraglider:goddess_statue":1,"minecraft:string":19,"minecraft:raw_copper":211,"minecraft:iron_leggings":1,"create:andesite_funnel":4,"minecraft:diamond_leggings":1,"minecraft:red_sand":12,"minecraft:smooth_stone":2,"minecraft:cobbled_deepslate":54,"minecraft:bucket":2,"farmersdelight:cabbage":6,"minecraft:calcite":321,"minecraft:iron_pickaxe":2,"farmersdelight:cabbage_seeds":37,"minecraft:furnace":7,"minecraft:tipped_arrow":65,"minecraft:stick":70,"farmersdelight:potato_crate":3,"travelersbackpack:yellow_sleeping_bag":5,"minecraft:torch":42,"minecraft:porkchop":11,"tombstone:grave_dust":21,"minecraft:pointed_dripstone":21,"farmersdelight:chicken_cuts":2,"minecraft:green_terracotta":2,"create:large_cogwheel":2,"mutantmonsters:hulk_hammer":2,"minecraft:quartz_block":2,"minecraft:cactus":5,"minecraft:rotten_flesh":35,"mcwdoors:metal_windowed_door":2,"minecraft:cyan_terracotta":291,"minecraft:snowball":64,"minecraft:cobblestone":177,"minecraft:birch_log":257,"minecraft:magma_block":1,"minecraft:feather":7,"minecraft:cooked_beef":17,"minecraft:iron_door":2,"minecraft:andesite":229,"minecraft:smoker":1,"minecraft:potato":20,"alexsmobs:bison_fur":6,"paraglider:spirit_orb":2,"minecraft:flint":54,"minecraft:tuff":42,"create:raw_zinc":52,"farmersdelight:carrot_crate":2,"skilltree:gem":49,"farmersdelight:tomato":2,"minecraft:lapis_lazuli":58,"minecraft:dirt":160,"create:encased_chain_drive":5,"tacz:ammo_box":1,"minecraft:bone":71,"minecraft:bow":8,"minecraft:stonecutter":1,"minecraft:gray_terracotta":5,"minecraft:orange_tulip":1,"minecraft:wheat_seeds":742,"create:mechanical_drill":1,"minecraft:raw_gold":17,"minecraft:diamond_helmet":1,"minecraft:glowstone_dust":2,"minecraft:moss_block":89,"minecraft:oak_planks":4,"minecraft:cooked_porkchop":1,"create:cogwheel":1,"minecraft:sand":27,"create:copycat_panel":10,"minecraft:ink_sac":3,"minecraft:lily_of_the_valley":1,"alexsmobs:animal_dictionary":1,"travelersbackpack:white_sleeping_bag":2,"minecraft:bundle":1,"minecraft:polished_andesite":8,"waystones:waystone":3,"minecraft:granite":2,"minecraft:bone_meal":1,"minecraft:chainmail_helmet":2,"minecraft:bread":1,"scalinghealth:cursed_heart":1,"minecraft:oak_sapling":112,"minecraft:netherrack":5,"minecraft:diamond_pickaxe":29,"minecraft:coarse_dirt":101,"minecraft:crafting_table":1,"minecraft:allium":10,"minecraft:chicken":7,"minecraft:nether_wart":2,"minecraft:clay_ball":129,"minecraft:turtle_helmet":1,"minecraft:brown_mushroom":12,"minecraft:wooden_pickaxe":1,"minecraft:gold_block":1,"boh:desire_edge":1,"minecraft:cornflower":2,"minecraft:iron_axe":24,"tacz:ammo":150,"create:chute":1,"minecraft:blackstone":1,"travelersbackpack:lapis":1,"minecraft:beef":23,"minecraft:andesite_stairs":1,"farmersdelight:straw":1149,"alexsmobs:soul_heart":1,"minecraft:poppy":2,"minecraft:sugar_cane":13,"minecraft:chest":3,"minecraft:birch_sapling":33,"minecraft:raw_copper_block":3,"minecraft:egg":9,"minecraft:raw_iron":58,"minecraft:oak_door":1,"farmersdelight:minced_beef":44,"pointblank:gunmetal_nugget":218,"minecraft:carrot":31,"minecraft:redstone":1,"travelersbackpack:sponge":3,"minecraft:arrow":85,"minecraft:diamond_chestplate":1,"minecraft:beetroot_seeds":1,"minecraft:peony":1,"k_turrets:raw_titanium":31,"minecraft:diamond_boots":1,"pvz_zengarden:zengarden_guide":1,"tombstone:essence_of_undeath":2,"create:cut_calcite_bricks":1,"minecraft:rail":86,"minecraft:white_wool":9,"minecraft:stripped_oak_log":1,"create:iron_sheet":1,"minecraft:glow_ink_sac":14,"minecraft:leather":1,"minecraft:birch_planks":2,"minecraft:oak_log":534,"minecraft:chainmail_chestplate":2,"scalinghealth:bandages":9,"minecraft:golden_boots":1,"minecraft:gunpowder":11,"scalinghealth:heart_crystal":10,"farmersdelight:tatami":104,"farmersdelight:skillet":5,"farmersdelight:flint_knife":2,"minecraft:apple":12,"minecraft:stone_bricks":8,"boh:kindness_flower":1,"minecraft:stone_pickaxe":2,"minecraft:iron_ingot":2,"minecraft:iron_sword":5,"minecraft:soul_sand":1,"minecraft:book":21,"scalinghealth:heart_crystal_shard":23,"minecraft:smooth_basalt":6,"minecraft:sweet_berries":37,"minecraft:dandelion":1,"minecraft:dripstone_block":1,"minecraft:gravel":37,"minecraft:spruce_sapling":3,"minecraft:blast_furnace":2,"minecraft:spruce_log":40,"minecraft:spider_eye":2,"travelersbackpack:standard":1,"create:millstone":1,"tacz:modern_kinetic_gun":3,"minecraft:chainmail_leggings":3,"create:encased_fan":2,"minecraft:iron_helmet":2,"storagedrawers:oak_full_drawers_2":2,"minecraft:oak_button":1,"tombstone:magic_scroll":6,"minecraft:coal":262,"minecraft:hopper":7},"minecraft:broken":{"minecraft:stone_pickaxe":1,"spartanshields:stone_basic_shield":1,"minecraft:chainmail_helmet":1,"minecraft:wooden_pickaxe":1,"minecraft:iron_axe":2,"minecraft:iron_pickaxe":2}},"DataVersion":3465}