{"stats":{"minecraft:killed":{"endofherobrine:silverfish":27,"minecraft:zombified_piglin":45,"minecraft:witch":3,"minecraft:spider":5,"minecraft:skeleton":98,"minecraft:chicken":6,"boh:rat":2,"minecraft:piglin_brute":10,"minecraft:magma_cube":55,"minecraft:piglin":31,"minecraft:pig":4,"minecraft:zombie_villager":2,"mutantmonsters:mutant_skeleton":3,"minecraft:creeper":48,"minecraft:trader_llama":1,"minecraft:zombie":61,"minecraft:stray":1,"minecraft:ghast":1,"endofherobrine:chicken":1,"endofherobrine:cow":2,"mutantmonsters:mutant_creeper":1,"minecraft:cow":2,"alexsmobs:seagull":1,"minecraft:phantom":22,"alexsmobs:bison":3,"minecraft:squid":1,"mutantmonsters:creeper_minion":1,"mutantmonsters:mutant_zombie":2},"minecraft:dropped":{"marbledsarsenal:black_juggernaut_armor_chestplate":1,"minecraft:birch_planks":26,"minecraft:orange_tulip":1,"travelersbackpack:standard":1,"minecraft:rail":5,"minecraft:cracked_polished_blackstone_bricks":3,"minecraft:dirt":9,"minecraft:raw_copper_block":2,"minecraft:cornflower":1,"minecraft:snowball":11,"minecraft:gilded_blackstone":30,"minecraft:gold_nugget":13,"minecraft:furnace_minecart":1,"minecraft:polished_blackstone_bricks":2,"mutantmonsters:creeper_minion_tracker":1,"minecraft:iron_pickaxe":3,"marbledsarsenal:black_juggernaut_armor_leggings":1,"minecraft:birch_log":16,"minecraft:lever":1,"minecraft:gold_ingot":6,"minecraft:bone":11,"minecraft:iron_nugget":38,"alexsmobs:animal_dictionary":2,"minecraft:gravel":78,"minecraft:cobbled_deepslate":35,"minecraft:stone_axe":1,"minecraft:blackstone":1,"minecraft:golden_chestplate":1,"minecraft:yellow_wool":9,"minecraft:rotten_flesh":26,"minecraft:carrot":1,"minecraft:chainmail_chestplate":1,"create:scoria":1,"travelersbackpack:white_sleeping_bag":1,"create:wrench":1,"minecraft:chainmail_boots":1,"minecraft:arrow":1,"minecraft:netherrack":16,"minecraft:golden_boots":2,"minecraft:wheat_seeds":64,"farmersdelight:skillet":4,"minecraft:dripstone_block":1,"minecraft:cobblestone":8,"minecraft:golden_axe":1,"minecraft:iron_helmet":1,"minecraft:chainmail_helmet":1,"minecraft:stick":5,"minecraft:lava_bucket":1,"tacz:ammo_box":1,"minecraft:lodestone":1,"tombstone:grave_dust":3,"minecraft:iron_leggings":2,"tacz:modern_kinetic_gun":4,"minecraft:iron_axe":34,"minecraft:smooth_stone":1,"minecraft:chainmail_leggings":3,"minecraft:string":2,"minecraft:bucket":1,"minecraft:music_disc_cat":1,"minecraft:spruce_sapling":3,"create:furnace_minecart_contraption":1,"minecraft:coarse_dirt":2,"marbledsarsenal:black_juggernaut_armor_boots":1,"minecraft:stone_sword":1,"farmersdelight:cabbage_seeds":28,"minecraft:tuff":7,"minecraft:clay_ball":1,"minecraft:iron_boots":1,"minecraft:stripped_oak_log":1,"minecraft:iron_hoe":1,"minecraft:torchflower_seeds":6,"pointblank:gunmetal_nugget":2,"minecraft:lily_of_the_valley":1,"create:cart_assembler":1,"minecraft:potato":3,"minecraft:allium":2,"minecraft:peony":1,"minecraft:diamond_pickaxe":15,"minecraft:andesite":44,"marbledsarsenal:black_juggernaut_armor_helmet":1,"minecraft:golden_leggings":1,"minecraft:andesite_stairs":1,"minecraft:golden_sword":2,"minecraft:stone_bricks":4,"minecraft:spruce_log":36,"minecraft:stone_pickaxe":2,"minecraft:bow":5,"minecraft:magma_block":2},"minecraft:custom":{"minecraft:interact_with_crafting_table":212,"minecraft:open_barrel":36,"minecraft:bell_ring":7,"minecraft:leave_game":48,"minecraft:time_since_death":1298,"minecraft:damage_resisted":66,"minecraft:sprint_one_cm":2039526,"minecraft:damage_blocked_by_shield":12380,"minecraft:drop":222,"minecraft:talked_to_villager":3,"minecraft:play_time":1198104,"minecraft:deaths":54,"minecraft:jump":7738,"minecraft:interact_with_brewingstand":1,"minecraft:walk_on_water_one_cm":76026,"minecraft:enchant_item":2,"minecraft:interact_with_furnace":113,"minecraft:sleep_in_bed":32,"minecraft:waystone_activated":1,"minecraft:damage_dealt":25859,"minecraft:crouch_one_cm":33388,"tombstone:undead_killed":212,"minecraft:interact_with_smoker":20,"minecraft:horse_one_cm":418,"minecraft:interact_with_smithing_table":12,"minecraft:interact_with_anvil":21,"minecraft:mob_kills":467,"minecraft:inspect_hopper":4,"minecraft:damage_dealt_resisted":17960,"minecraft:climb_one_cm":13780,"minecraft:walk_one_cm":5574967,"minecraft:sneak_time":13596,"minecraft:walk_under_water_one_cm":56017,"minecraft:interact_with_blast_furnace":28,"minecraft:total_world_time":1198830,"spartanshields:shield_bash_hits":22,"tombstone:raider_killed":3,"minecraft:interact_with_stonecutter":2,"minecraft:time_since_rest":1081,"minecraft:damage_taken":30277,"minecraft:trigger_trapped_chest":1,"minecraft:swim_one_cm":17689,"minecraft:fly_one_cm":1019372,"minecraft:open_chest":1027,"minecraft:fall_one_cm":148259},"minecraft:picked_up":{"minecraft:iron_chestplate":2,"minecraft:wheat":4,"minecraft:chainmail_boots":1,"minecraft:anvil":1,"minecraft:flower_pot":1,"minecraft:yellow_wool":18,"minecraft:lead":1,"boh:spinel":4,"create:wrench":1,"minecraft:enchanted_book":1,"minecraft:gilded_blackstone":34,"create:furnace_minecart_contraption":1,"minecraft:brewing_stand":1,"minecraft:golden_sword":7,"farmersdelight:cutting_board":1,"minecraft:music_disc_cat":1,"paraglider:goddess_statue":1,"minecraft:string":20,"minecraft:raw_copper":212,"minecraft:smooth_stone_slab":19,"minecraft:iron_leggings":4,"create:andesite_funnel":4,"create:cart_assembler":3,"minecraft:diamond_leggings":1,"minecraft:red_sand":27,"minecraft:smooth_stone":2,"minecraft:gold_nugget":17,"minecraft:cobbled_deepslate":132,"minecraft:bucket":2,"farmersdelight:cabbage":6,"minecraft:calcite":330,"minecraft:iron_pickaxe":3,"farmersdelight:cabbage_seeds":37,"minecraft:iron_boots":2,"minecraft:furnace":7,"minecraft:tipped_arrow":65,"minecraft:stick":72,"farmersdelight:potato_crate":3,"mcwbridges:andesite_bridge_stair":2,"travelersbackpack:yellow_sleeping_bag":5,"minecraft:torch":57,"minecraft:porkchop":11,"minecraft:golden_axe":2,"minecraft:pointed_dripstone":21,"tombstone:grave_dust":27,"farmersdelight:chicken_cuts":2,"minecraft:golden_chestplate":1,"minecraft:green_terracotta":2,"create:large_cogwheel":2,"mutantmonsters:hulk_hammer":3,"minecraft:quartz_block":2,"minecraft:cactus":8,"minecraft:rotten_flesh":70,"create:scoria":1,"farmersdelight:tree_bark":22,"mcwdoors:metal_windowed_door":7,"minecraft:cyan_terracotta":298,"minecraft:furnace_minecart":1,"minecraft:snowball":85,"minecraft:cobblestone":185,"minecraft:birch_log":257,"minecraft:magma_block":2,"minecraft:feather":7,"minecraft:cooked_beef":17,"minecraft:magma_cream":2,"minecraft:iron_door":2,"minecraft:andesite":237,"minecraft:golden_leggings":1,"minecraft:smoker":3,"minecraft:potato":22,"alexsmobs:bison_fur":6,"paraglider:spirit_orb":2,"minecraft:flint":59,"minecraft:tuff":47,"create:raw_zinc":52,"farmersdelight:carrot_crate":2,"skilltree:gem":54,"minecraft:dirt":179,"minecraft:lapis_lazuli":73,"farmersdelight:tomato":9,"create:encased_chain_drive":5,"tacz:ammo_box":1,"minecraft:leather_boots":1,"minecraft:bone":114,"minecraft:gray_terracotta":5,"minecraft:stonecutter":1,"minecraft:bow":13,"minecraft:wheat_seeds":753,"minecraft:orange_tulip":1,"minecraft:raw_gold":37,"create:mechanical_drill":1,"minecraft:diamond_helmet":1,"minecraft:glowstone_dust":3,"minecraft:moss_block":89,"minecraft:oak_planks":4,"minecraft:cooked_porkchop":1,"create:cogwheel":1,"minecraft:oak_pressure_plate":4,"minecraft:sand":179,"create:copycat_panel":10,"minecraft:ink_sac":3,"minecraft:lily_of_the_valley":1,"minecraft:trapped_chest":1,"alexsmobs:animal_dictionary":1,"travelersbackpack:white_sleeping_bag":2,"minecraft:iron_hoe":1,"minecraft:bundle":1,"minecraft:polished_andesite":8,"minecraft:diamond":6,"minecraft:lever":2,"waystones:waystone":3,"minecraft:cracked_polished_blackstone_bricks":4,"minecraft:granite":2,"minecraft:bone_meal":1,"minecraft:bread":1,"minecraft:chainmail_helmet":2,"scalinghealth:cursed_heart":1,"minecraft:oak_sapling":112,"minecraft:netherrack":41,"minecraft:diamond_pickaxe":36,"minecraft:crafting_table":1,"minecraft:coarse_dirt":105,"minecraft:allium":10,"minecraft:chicken":7,"minecraft:nether_wart":2,"minecraft:clay_ball":151,"minecraft:turtle_helmet":1,"minecraft:brown_mushroom":12,"minecraft:wooden_pickaxe":1,"minecraft:gold_block":54,"boh:desire_edge":1,"minecraft:cornflower":2,"minecraft:iron_axe":36,"tacz:ammo":210,"create:chute":1,"minecraft:blackstone":2,"minecraft:beef":23,"travelersbackpack:lapis":2,"minecraft:andesite_stairs":1,"farmersdelight:straw":1166,"minecraft:iron_nugget":38,"alexsmobs:soul_heart":1,"minecraft:poppy":2,"farmersdelight:golden_knife":1,"minecraft:sugar_cane":22,"minecraft:chest":3,"minecraft:birch_sapling":33,"minecraft:raw_copper_block":3,"minecraft:egg":9,"minecraft:raw_iron":78,"minecraft:oak_door":1,"farmersdelight:minced_beef":44,"pointblank:gunmetal_nugget":401,"minecraft:polished_blackstone_bricks":4,"farmersdelight:tomato_seeds":6,"minecraft:cookie":5,"minecraft:carrot":48,"minecraft:redstone":58,"travelersbackpack:sponge":3,"k_turrets:arrow_turret_item":6,"minecraft:arrow":137,"minecraft:diamond_chestplate":1,"minecraft:beetroot_seeds":1,"minecraft:peony":2,"minecraft:diamond_boots":1,"k_turrets:raw_titanium":31,"pvz_zengarden:zengarden_guide":1,"tombstone:essence_of_undeath":2,"create:cut_calcite_bricks":11,"minecraft:white_wool":9,"minecraft:rail":157,"minecraft:stripped_oak_log":1,"create:iron_sheet":1,"minecraft:glow_ink_sac":16,"minecraft:leather":1,"minecraft:birch_planks":2,"minecraft:oak_log":534,"minecraft:chainmail_chestplate":3,"scalinghealth:bandages":18,"minecraft:golden_boots":1,"minecraft:gunpowder":33,"scalinghealth:heart_crystal":23,"farmersdelight:tatami":104,"farmersdelight:skillet":8,"farmersdelight:flint_knife":2,"minecraft:paper":8,"scalinghealth:medkit":1,"minecraft:birch_pressure_plate":2,"minecraft:apple":12,"minecraft:stone_bricks":8,"boh:kindness_flower":1,"minecraft:stone_pickaxe":2,"minecraft:iron_ingot":2,"scalinghealth:power_crystal_shard":2,"tombstone:bag_of_seeds":1,"immersive_aircraft:airship":6,"minecraft:iron_sword":5,"minecraft:soul_sand":1,"minecraft:book":21,"scalinghealth:heart_crystal_shard":23,"minecraft:smooth_basalt":6,"minecraft:sweet_berries":37,"minecraft:torchflower_seeds":3,"minecraft:dandelion":1,"minecraft:dripstone_block":1,"minecraft:gravel":283,"minecraft:spruce_sapling":3,"minecraft:blast_furnace":2,"minecraft:spruce_log":40,"minecraft:spider_eye":9,"travelersbackpack:standard":1,"create:millstone":1,"tacz:modern_kinetic_gun":5,"minecraft:chainmail_leggings":3,"create:encased_fan":2,"minecraft:iron_helmet":2,"storagedrawers:oak_full_drawers_2":2,"minecraft:oak_button":4,"tombstone:magic_scroll":8,"minecraft:coal":272,"minecraft:hopper":7},"minecraft:broken":{"minecraft:iron_shovel":1,"minecraft:diamond_helmet":1,"minecraft:stone_pickaxe":1,"minecraft:diamond_boots":1,"spartanshields:stone_basic_shield":1,"minecraft:chainmail_helmet":1,"minecraft:wooden_pickaxe":1,"minecraft:iron_axe":2,"minecraft:iron_pickaxe":2},"minecraft:mined":{"minecraft:large_amethyst_bud":1,"create:cut_calcite_bricks":10,"minecraft:jungle_leaves":2,"minecraft:brewing_stand":1,"minecraft:granite":2,"minecraft:red_sand":21,"minecraft:grass_block":114,"travelersbackpack:sponge":3,"minecraft:cracked_polished_blackstone_bricks":5,"minecraft:oak_pressure_plate":4,"minecraft:hopper":7,"minecraft:nether_wart":1,"minecraft:spawner":2,"minecraft:gilded_blackstone":5,"minecraft:polished_blackstone_bricks":5,"minecraft:magma_block":1,"minecraft:cobbled_deepslate":1,"minecraft:fire":6,"minecraft:iron_ore":41,"minecraft:anvil":1,"minecraft:deepslate_lapis_ore":3,"minecraft:pointed_dripstone":9,"minecraft:dirt_path":1,"minecraft:small_amethyst_bud":1,"minecraft:deepslate_redstone_ore":14,"minecraft:gray_terracotta":6,"create:cogwheel":1,"minecraft:brown_mushroom":12,"minecraft:quartz_block":2,"minecraft:cyan_terracotta":304,"minecraft:blackstone":2,"minecraft:medium_amethyst_bud":1,"minecraft:smoker":1,"minecraft:soul_fire":2,"farmersdelight:potato_crate":3,"minecraft:clay":32,"minecraft:torch":25,"minecraft:blast_furnace":2,"minecraft:calcite":308,"minecraft:poppy":2,"minecraft:chest":3,"create:scoria":1,"minecraft:dead_bush":1,"minecraft:cobblestone":11,"minecraft:sugar_cane":14,"minecraft:oak_planks":4,"minecraft:iron_door":2,"minecraft:wall_torch":24,"farmersdelight:sandy_shrub":6,"boh:spinel_ore_ore":4,"minecraft:yellow_wool":9,"minecraft:birch_log":258,"minecraft:wheat":5,"create:copycat_panel":11,"minecraft:orange_tulip":1,"storagedrawers:oak_full_drawers_2":2,"minecraft:smooth_stone_slab":18,"minecraft:grass":5106,"minecraft:oak_log":531,"minecraft:sand":133,"minecraft:dirt":28,"create:encased_chain_drive":6,"minecraft:raw_copper_block":4,"minecraft:stonecutter":1,"minecraft:netherrack":41,"minecraft:oak_leaves":67,"minecraft:deepslate":115,"create:zinc_ore":52,"minecraft:tuff":22,"mcwbridges:andesite_bridge_stair":2,"create:millstone":1,"travelersbackpack:lapis":2,"minecraft:deepslate_diamond_ore":6,"minecraft:allium":11,"create:large_cogwheel":2,"minecraft:white_stained_glass":3,"create:encased_fan":2,"travelersbackpack:white_sleeping_bag":1,"farmersdelight:tomatoes":6,"minecraft:spruce_leaves":10,"farmersdelight:wild_cabbages":39,"minecraft:moss_block":89,"minecraft:large_fern":76,"farmersdelight:wild_onions":1,"minecraft:furnace":7,"minecraft:carrots":12,"minecraft:nether_sprouts":4,"minecraft:andesite":235,"minecraft:green_terracotta":2,"minecraft:stripped_spruce_log":4,"minecraft:peony":2,"minecraft:gold_block":55,"create:cart_assembler":2,"minecraft:bookshelf":7,"minecraft:potatoes":4,"minecraft:deepslate_iron_ore":37,"travelersbackpack:yellow_sleeping_bag":5,"minecraft:vine":3,"minecraft:rail":144,"create:chute":1,"minecraft:stripped_oak_log":1,"minecraft:stone":163,"minecraft:white_wool":9,"minecraft:birch_pressure_plate":3,"minecraft:soul_sand":1,"minecraft:lily_of_the_valley":1,"minecraft:dandelion":1,"boh:kindness_flower":1,"minecraft:crafting_table":1,"minecraft:cornflower":2,"farmersdelight:carrot_crate":2,"minecraft:copper_ore":60,"minecraft:tall_grass":798,"endofherobrine:glowing_obsidian":5,"minecraft:deepslate_coal_ore":2,"mcwdoors:metal_windowed_door":5,"minecraft:deepslate_gold_ore":23,"minecraft:lapis_ore":11,"farmersdelight:wild_beetroots":1,"minecraft:cactus":6,"farmersdelight:skillet":1,"minecraft:coarse_dirt":55,"minecraft:spruce_log":40,"minecraft:birch_leaves":6,"farmersdelight:tatami":104,"create:mechanical_drill":1,"k_turrets:titanium_ore":31,"minecraft:coal_ore":71,"minecraft:dripstone_block":3,"minecraft:gravel":13,"minecraft:cobweb":8,"minecraft:oak_button":1,"minecraft:stone_bricks":8,"minecraft:polished_andesite":8,"create:andesite_funnel":4,"minecraft:fern":267,"paraglider:goddess_statue":1},"minecraft:used":{"minecraft:moss_block":42,"minecraft:red_sand":2,"minecraft:iron_shovel":250,"immersive_aircraft:airship":6,"travelersbackpack:lapis":2,"farmersdelight:cabbage_seeds":9,"minecraft:chest":17,"minecraft:stone":982,"minecraft:iron_sword":179,"minecraft:nether_wart":1,"minecraft:rotten_flesh":13,"minecraft:spruce_leaves":1,"paraglider:goddess_statue":1,"minecraft:birch_pressure_plate":4,"minecraft:soul_sand":1,"minecraft:carrot":18,"minecraft:snowball":9,"minecraft:cyan_terracotta":189,"k_turrets:arrow_turret_item":6,"minecraft:grass_block":199,"minecraft:polished_andesite_stairs":7,"minecraft:stone_bricks":19,"create:andesite_funnel":2,"mcwdoors:metal_windowed_door":9,"farmersdelight:cutting_board":2,"minecraft:bow":779,"minecraft:furnace":3,"minecraft:potato":23,"minecraft:stone_pickaxe":376,"minecraft:oak_planks":4,"minecraft:blackstone":1,"minecraft:wooden_pickaxe":59,"minecraft:chainmail_helmet":1,"minecraft:sugar_cane":2,"spartanshields:diamond_basic_shield":144,"farmersdelight:tatami":336,"minecraft:blast_furnace":3,"waystones:waystone":1,"minecraft:lever":1,"spartanshields:stone_basic_shield":25,"minecraft:bread":1,"minecraft:oak_pressure_plate":5,"tombstone:grave_key":24,"minecraft:gravel":4,"minecraft:andesite":28,"minecraft:oak_boat":1,"minecraft:smooth_stone_slab":85,"minecraft:coarse_dirt":24,"storagedrawers:oak_full_drawers_2":1,"minecraft:iron_bars":36,"minecraft:cooked_chicken":1,"minecraft:netherrack":15,"minecraft:oak_door":1,"minecraft:torch":107,"minecraft:anvil":1,"minecraft:dirt":254,"scalinghealth:heart_crystal":6,"farmersdelight:flint_knife":6256,"minecraft:cobblestone_wall":20,"minecraft:hopper":11,"farmersdelight:carrot_crate":4,"minecraft:diamond_helmet":1,"minecraft:iron_hoe":68,"minecraft:iron_axe":795,"create:cart_assembler":2,"minecraft:smooth_basalt":6,"travelersbackpack:sponge":1,"scalinghealth:bandages":2,"tombstone:gift":8,"mcwbridges:andesite_bridge_stair":2,"minecraft:cooked_beef":13,"farmersdelight:tomato_seeds":6,"minecraft:cobbled_deepslate":26,"tombstone:decorative_grave_original":2,"farmersdelight:potato_crate":4,"minecraft:calcite":189,"minecraft:wheat_seeds":10,"minecraft:water_bucket":4,"pointblank:printer":1,"farmersdelight:skillet":286,"minecraft:polished_andesite":70,"minecraft:glass_bottle":35,"minecraft:baked_potato":46,"minecraft:stonecutter":1,"minecraft:polished_blackstone_bricks":2,"create:furnace_minecart_contraption":1,"create:cut_calcite_bricks":79,"minecraft:rail":84,"create:encased_fan":1,"minecraft:crafting_table":5,"minecraft:smoker":2,"minecraft:oak_log":8,"tombstone:bag_of_seeds":1,"minecraft:apple":2,"minecraft:diamond_pickaxe":858,"minecraft:cracked_polished_blackstone_bricks":1,"minecraft:oak_button":3,"minecraft:iron_pickaxe":664,"travelersbackpack:white_sleeping_bag":1,"mcwdoors:oak_western_door":4,"minecraft:stone_axe":68,"scalinghealth:medkit":1,"minecraft:cobblestone":95,"toughasnails:purified_water_bottle":46,"minecraft:acacia_pressure_plate":2,"minecraft:cooked_porkchop":11,"minecraft:andesite_stairs":4,"minecraft:bucket":6,"minecraft:splash_potion":4,"travelersbackpack:yellow_sleeping_bag":6,"minecraft:smooth_stone":22},"minecraft:killed_by":{"minecraft:zombified_piglin":5,"minecraft:piglin_brute":8,"minecraft:creeper":3,"mutantmonsters:mutant_creeper":1,"minecraft:zombie":8,"mutantmonsters:mutant_skeleton":3,"minecraft:skeleton":9,"boh:rat":1,"endofherobrine:silverfish":1},"minecraft:crafted":{"immersive_aircraft:engine":1,"immersive_aircraft:hull_reinforcement":1,"minecraft:smooth_stone":3,"minecraft:oak_planks":123,"k_turrets:arrow_turret_item":1,"travelersbackpack:crafting_upgrade":1,"farmersdelight:canvas":232,"minecraft:cooked_chicken":1,"travelersbackpack:yellow_sleeping_bag":1,"minecraft:stone":3,"minecraft:lever":1,"k_turrets:titanium_ingot":18,"minecraft:potato":1,"minecraft:glass":13,"minecraft:hopper":4,"minecraft:diamond_helmet":1,"minecraft:bow":5,"minecraft:raw_copper":9,"immersive_aircraft:hull":5,"minecraft:chest":18,"mcwdoors:metal_door":2,"pointblank:gunmetal_mesh":64,"pointblank:printer":1,"minecraft:smoker":1,"tombstone:decorative_grave_original":2,"travelersbackpack:iron_tier_upgrade":1,"minecraft:cooked_porkchop":11,"minecraft:crafting_table":4,"travelersbackpack:lapis":1,"minecraft:spruce_planks":8,"mutantmonsters:creeper_minion_tracker":1,"travelersbackpack:standard":1,"minecraft:copper_ingot":152,"minecraft:birch_planks":35,"farmersdelight:tatami":232,"farmersdelight:skillet":1,"tombstone:white_marble":10,"minecraft:dispenser":1,"minecraft:tnt":11,"farmersdelight:cutting_board":1,"minecraft:string":46,"minecraft:stick":14,"minecraft:iron_pickaxe":3,"minecraft:iron_ingot":47,"minecraft:stone_sword":1,"minecraft:gold_ingot":6,"spartanshields:wooden_basic_shield":2,"toolbelt:belt":1,"minecraft:iron_nugget":9,"farmersdelight:potato_crate":2,"immersive_aircraft:sail":6,"minecraft:furnace":1,"minecraft:blast_furnace":2,"minecraft:piston":2,"minecraft:bone_meal":4,"spartanshields:diamond_basic_shield":2,"minecraft:white_carpet":36,"travelersbackpack:blank_upgrade":4,"minecraft:glass_pane":16,"travelersbackpack:white_sleeping_bag":1,"farmersdelight:carrot_crate":2,"minecraft:iron_axe":4,"minecraft:stone_pickaxe":3,"minecraft:diamond_boots":1,"minecraft:minecart":1,"immersive_aircraft:airship":1,"mcwdoors:metal_windowed_door":2,"immersive_aircraft:improved_landing_gear":1,"scalinghealth:heart_dust":2,"immersive_aircraft:boiler":1,"pointblank:gunmetal_ingot":14,"pointblank:processor":12,"travelersbackpack:backpack_tank":4,"immersive_aircraft:industrial_gears":1,"spartanshields:stone_basic_shield":1,"mobdropsrecipes_overworld:overworld_essence_common":125,"minecraft:bucket":4,"minecraft:stone_axe":1,"minecraft:air":437,"minecraft:oak_boat":1,"minecraft:white_wool":24,"minecraft:iron_shovel":2,"farmersdelight:diamond_knife":1,"minecraft:torch":40,"create:zinc_ingot":43,"minecraft:lapis_block":4}},"DataVersion":3465}