{"stats":{"minecraft:broken":{"minecraft:diamond_helmet":1,"spartanshields:stone_basic_shield":1,"minecraft:chainmail_helmet":1,"minecraft:wooden_pickaxe":1,"minecraft:iron_axe":2,"minecraft:iron_pickaxe":2,"minecraft:iron_shovel":1,"minecraft:stone_pickaxe":1,"minecraft:diamond_boots":1},"minecraft:custom":{"minecraft:interact_with_crafting_table":287,"minecraft:open_barrel":76,"minecraft:bell_ring":12,"minecraft:leave_game":55,"minecraft:time_since_death":27762,"minecraft:damage_blocked_by_shield":17152,"minecraft:play_time":1568851,"minecraft:deaths":70,"minecraft:jump":9576,"minecraft:enchant_item":2,"minecraft:interact_with_furnace":118,"minecraft:play_record":2,"minecraft:sleep_in_bed":38,"minecraft:waystone_activated":2,"minecraft:damage_dealt":30950,"tombstone:undead_killed":275,"minecraft:interact_with_smoker":33,"minecraft:horse_one_cm":418,"minecraft:interact_with_smithing_table":13,"minecraft:interact_with_anvil":25,"minecraft:inspect_hopper":6,"minecraft:sneak_time":18378,"minecraft:interact_with_blast_furnace":37,"minecraft:total_world_time":1569577,"tombstone:raider_killed":41,"minecraft:interact_with_stonecutter":2,"minecraft:time_since_rest":27512,"minecraft:swim_one_cm":20291,"minecraft:fly_one_cm":1290035,"minecraft:open_chest":1365,"minecraft:fall_one_cm":188567,"minecraft:damage_resisted":66,"minecraft:sprint_one_cm":2915616,"minecraft:drop":289,"minecraft:talked_to_villager":3,"minecraft:interact_with_brewingstand":2,"minecraft:walk_on_water_one_cm":78537,"minecraft:crouch_one_cm":43448,"minecraft:mob_kills":650,"minecraft:damage_dealt_resisted":27548,"minecraft:climb_one_cm":18766,"minecraft:walk_one_cm":7317984,"minecraft:walk_under_water_one_cm":56215,"spartanshields:shield_bash_hits":25,"minecraft:damage_taken":39898,"minecraft:trigger_trapped_chest":1},"minecraft:mined":{"create:cut_calcite_bricks":10,"minecraft:jungle_leaves":2,"minecraft:granite":2,"minecraft:red_sand":21,"minecraft:oak_pressure_plate":4,"minecraft:hopper":8,"minecraft:oxeye_daisy":2,"minecraft:nether_wart":2,"minecraft:spawner":2,"minecraft:polished_blackstone_bricks":5,"minecraft:magma_block":1,"minecraft:fire":15,"minecraft:cobbled_deepslate":1,"minecraft:deepslate_lapis_ore":13,"minecraft:dirt_path":1,"minecraft:small_amethyst_bud":1,"create:cogwheel":1,"minecraft:brown_mushroom":14,"minecraft:smoker":2,"minecraft:soul_fire":4,"farmersdelight:potato_crate":3,"scalinghealth:deepslate_heart_crystal_ore":13,"minecraft:torch":44,"minecraft:blast_furnace":3,"create:scoria":1,"minecraft:dead_bush":1,"minecraft:sugar_cane":34,"minecraft:wheat":15,"create:copycat_panel":11,"storagedrawers:oak_full_drawers_2":3,"minecraft:grass":7729,"minecraft:stonecutter":1,"minecraft:deepslate":122,"create:zinc_ore":52,"mcwbridges:andesite_bridge_stair":2,"create:millstone":1,"minecraft:allium":12,"create:encased_fan":2,"farmersdelight:wild_cabbages":39,"minecraft:moss_block":89,"farmersdelight:wild_onions":1,"minecraft:green_terracotta":2,"minecraft:andesite":235,"minecraft:potatoes":4,"minecraft:vine":3,"create:cart_assembler":2,"travelersbackpack:yellow_sleeping_bag":5,"minecraft:rail":144,"create:chute":1,"minecraft:white_wool":9,"minecraft:soul_sand":2,"minecraft:lily_of_the_valley":1,"minecraft:dandelion":8,"storagedrawers:oak_full_drawers_4":2,"boh:kindness_flower":1,"minecraft:cornflower":3,"endofherobrine:glowing_obsidian":13,"minecraft:tall_grass":1302,"minecraft:copper_ore":60,"minecraft:deepslate_gold_ore":42,"farmersdelight:skillet":1,"minecraft:coarse_dirt":55,"minecraft:spruce_log":40,"minecraft:birch_leaves":6,"create:mechanical_drill":1,"minecraft:gravel":13,"minecraft:dripstone_block":3,"minecraft:cobweb":8,"minecraft:oak_button":2,"minecraft:stone_bricks":8,"create:andesite_funnel":4,"minecraft:fern":275,"minecraft:large_amethyst_bud":1,"minecraft:brewing_stand":1,"travelersbackpack:sponge":3,"minecraft:grass_block":121,"minecraft:cracked_polished_blackstone_bricks":5,"minecraft:composter":1,"minecraft:gilded_blackstone":5,"minecraft:iron_ore":41,"minecraft:anvil":1,"minecraft:azure_bluet":1,"minecraft:pointed_dripstone":9,"minecraft:deepslate_redstone_ore":41,"minecraft:gray_terracotta":6,"minecraft:cyan_terracotta":425,"minecraft:quartz_block":2,"minecraft:blackstone":2,"minecraft:medium_amethyst_bud":1,"minecraft:clay":32,"minecraft:calcite":310,"minecraft:poppy":12,"minecraft:chest":6,"minecraft:cobblestone":11,"minecraft:oak_planks":15,"minecraft:iron_door":2,"minecraft:wall_torch":31,"farmersdelight:sandy_shrub":6,"boh:spinel_ore_ore":4,"minecraft:yellow_wool":9,"minecraft:birch_log":258,"minecraft:orange_tulip":2,"minecraft:smooth_stone_slab":136,"minecraft:oak_log":561,"minecraft:sand":133,"minecraft:dirt":29,"create:encased_chain_drive":6,"minecraft:raw_copper_block":4,"minecraft:netherrack":41,"minecraft:oak_leaves":74,"minecraft:tuff":22,"travelersbackpack:lapis":2,"minecraft:deepslate_diamond_ore":7,"create:large_cogwheel":2,"minecraft:white_stained_glass":3,"travelersbackpack:white_sleeping_bag":1,"farmersdelight:tomatoes":6,"minecraft:spruce_leaves":10,"minecraft:large_fern":76,"minecraft:furnace":7,"minecraft:carrots":14,"minecraft:nether_sprouts":5,"minecraft:stripped_spruce_log":4,"minecraft:peony":2,"minecraft:gold_block":55,"minecraft:bookshelf":7,"minecraft:deepslate_iron_ore":38,"minecraft:stripped_oak_log":1,"minecraft:stone":164,"minecraft:birch_pressure_plate":3,"minecraft:crafting_table":1,"farmersdelight:carrot_crate":2,"minecraft:deepslate_coal_ore":2,"mcwdoors:metal_windowed_door":5,"minecraft:lapis_ore":11,"farmersdelight:wild_beetroots":1,"minecraft:cactus":12,"farmersdelight:tatami":109,"k_turrets:titanium_ore":40,"minecraft:coal_ore":71,"minecraft:polished_andesite":8,"paraglider:goddess_statue":1},"minecraft:dropped":{"pointblank:cp2077_budget_arms_carnage":1,"marbledsarsenal:black_juggernaut_armor_chestplate":1,"minecraft:lapis_lazuli":14,"minecraft:orange_tulip":1,"minecraft:rail":5,"minecraft:dirt":16,"minecraft:raw_copper_block":2,"minecraft:gold_nugget":14,"mutantmonsters:creeper_minion_tracker":1,"minecraft:iron_pickaxe":3,"minecraft:bone":13,"minecraft:oak_door":1,"minecraft:stone_axe":1,"minecraft:lever":1,"minecraft:iron_nugget":38,"minecraft:golden_chestplate":1,"alexsmobs:animal_dictionary":2,"minecraft:cobbled_deepslate":50,"minecraft:rotten_flesh":29,"minecraft:oak_planks":11,"create:scoria":1,"create:wrench":1,"minecraft:golden_boots":2,"minecraft:wheat_seeds":69,"farmersdelight:skillet":4,"minecraft:dripstone_block":1,"minecraft:iron_helmet":1,"minecraft:cobblestone":8,"minecraft:chainmail_helmet":1,"minecraft:lava_bucket":1,"minecraft:lodestone":1,"minecraft:smooth_stone":1,"minecraft:chainmail_leggings":3,"minecraft:string":2,"pointblank:cp2077_tsunami_nekomata":1,"minecraft:spruce_sapling":3,"minecraft:stone_sword":1,"minecraft:clay_ball":1,"minecraft:iron_boots":2,"minecraft:torchflower_seeds":6,"minecraft:lily_of_the_valley":1,"minecraft:potato":3,"minecraft:allium":4,"minecraft:peony":1,"minecraft:diamond_pickaxe":15,"marbledsarsenal:black_juggernaut_armor_helmet":1,"minecraft:andesite_stairs":1,"minecraft:stone_bricks":4,"storagedrawers:oak_full_drawers_4":1,"minecraft:bow":5,"waystones:waystone":1,"minecraft:magma_block":2,"scalinghealth:bandages":1,"minecraft:brown_mushroom":2,"minecraft:birch_planks":26,"minecraft:oak_log":21,"travelersbackpack:standard":1,"minecraft:cracked_polished_blackstone_bricks":3,"minecraft:cornflower":1,"minecraft:snowball":11,"minecraft:gilded_blackstone":30,"minecraft:furnace_minecart":1,"minecraft:polished_blackstone_bricks":2,"marbledsarsenal:black_juggernaut_armor_leggings":1,"minecraft:birch_log":16,"minecraft:gold_ingot":6,"minecraft:gravel":78,"minecraft:blackstone":1,"minecraft:yellow_wool":9,"minecraft:carrot":1,"minecraft:chainmail_chestplate":1,"travelersbackpack:white_sleeping_bag":1,"minecraft:chainmail_boots":3,"minecraft:arrow":1,"minecraft:netherrack":16,"minecraft:golden_axe":1,"minecraft:stick":5,"tacz:ammo_box":1,"tombstone:grave_dust":3,"minecraft:iron_leggings":3,"tacz:modern_kinetic_gun":9,"minecraft:iron_axe":34,"minecraft:cactus":19,"minecraft:bucket":1,"minecraft:music_disc_cat":1,"artifacts:kitty_slippers":1,"marbledsarsenal:black_juggernaut_armor_boots":1,"minecraft:coarse_dirt":2,"create:furnace_minecart_contraption":1,"minecraft:tuff":7,"farmersdelight:cabbage_seeds":28,"minecraft:iron_hoe":2,"minecraft:stripped_oak_log":1,"pointblank:gunmetal_nugget":2,"create:cart_assembler":1,"minecraft:iron_chestplate":1,"minecraft:andesite":44,"minecraft:golden_leggings":1,"minecraft:oak_sapling":10,"minecraft:golden_sword":2,"minecraft:spruce_log":36,"minecraft:stone_pickaxe":2},"minecraft:crafted":{"immersive_aircraft:engine":1,"immersive_aircraft:hull_reinforcement":1,"minecraft:smooth_stone":3,"travelersbackpack:crafting_upgrade":1,"travelersbackpack:yellow_sleeping_bag":1,"minecraft:lever":1,"k_turrets:titanium_ingot":18,"minecraft:potato":1,"minecraft:glass":13,"minecraft:diamond_helmet":1,"minecraft:cooked_porkchop":11,"travelersbackpack:lapis":1,"travelersbackpack:standard":1,"minecraft:copper_ingot":152,"tombstone:white_marble":10,"minecraft:compass":1,"minecraft:iron_pickaxe":3,"minecraft:gold_ingot":12,"spartanshields:wooden_basic_shield":2,"pointblank:guninternals":32,"minecraft:iron_nugget":9,"minecraft:bone_meal":8,"minecraft:pink_dye":9,"minecraft:white_carpet":36,"travelersbackpack:blank_upgrade":4,"travelersbackpack:white_sleeping_bag":1,"farmersdelight:carrot_crate":2,"minecraft:stone_pickaxe":3,"minecraft:diamond_boots":1,"pointblank:processor":12,"immersive_aircraft:industrial_gears":1,"mobdropsrecipes_overworld:overworld_essence_common":125,"minecraft:iron_shovel":2,"farmersdelight:diamond_knife":1,"minecraft:oak_planks":139,"k_turrets:arrow_turret_item":1,"farmersdelight:canvas":352,"minecraft:cooked_chicken":1,"toolbelt:pouch":1,"minecraft:stone":3,"minecraft:heavy_weighted_pressure_plate":1,"minecraft:hopper":4,"minecraft:bow":5,"minecraft:raw_copper":9,"minecraft:comparator":2,"immersive_aircraft:hull":5,"minecraft:chest":20,"mcwdoors:metal_door":2,"minecraft:smoker":1,"immersive_aircraft:gyroscope":1,"tombstone:decorative_grave_original":2,"pointblank:printer":1,"pointblank:gunmetal_mesh":256,"travelersbackpack:iron_tier_upgrade":1,"minecraft:crafting_table":4,"minecraft:spruce_planks":8,"mutantmonsters:creeper_minion_tracker":1,"minecraft:birch_planks":35,"farmersdelight:skillet":1,"farmersdelight:tatami":352,"minecraft:dispenser":1,"minecraft:tnt":11,"farmersdelight:cutting_board":1,"minecraft:string":46,"minecraft:stick":14,"minecraft:iron_ingot":47,"minecraft:stone_sword":1,"minecraft:redstone_torch":6,"toolbelt:belt":1,"farmersdelight:potato_crate":2,"immersive_aircraft:sail":6,"minecraft:furnace":1,"minecraft:blast_furnace":2,"minecraft:piston":2,"spartanshields:diamond_basic_shield":2,"minecraft:glass_pane":16,"minecraft:iron_axe":4,"minecraft:minecart":1,"mcwdoors:metal_windowed_door":2,"immersive_aircraft:airship":1,"scalinghealth:heart_dust":2,"immersive_aircraft:improved_landing_gear":1,"minecraft:cyan_dye":22,"immersive_aircraft:boiler":1,"pointblank:gunmetal_ingot":14,"travelersbackpack:backpack_tank":4,"spartanshields:stone_basic_shield":1,"minecraft:bucket":4,"minecraft:stone_axe":1,"minecraft:air":553,"minecraft:oak_boat":1,"minecraft:white_wool":24,"minecraft:white_dye":14,"minecraft:torch":47,"create:zinc_ingot":43,"minecraft:lapis_block":4},"minecraft:used":{"minecraft:moss_block":42,"immersive_aircraft:airship":9,"minecraft:ladder":2,"farmersdelight:cabbage_seeds":12,"minecraft:chest":22,"minecraft:stone":982,"minecraft:rotten_flesh":13,"minecraft:soul_sand":2,"minecraft:snowball":9,"minecraft:grass_block":199,"minecraft:polished_andesite_stairs":7,"minecraft:music_disc_wait":1,"create:andesite_funnel":2,"minecraft:bow":1156,"create:shaft":2,"minecraft:furnace":3,"minecraft:potato":23,"minecraft:blackstone":1,"minecraft:wooden_pickaxe":59,"minecraft:composter":1,"spartanshields:diamond_basic_shield":190,"farmersdelight:tatami":483,"minecraft:blast_furnace":4,"minecraft:oak_pressure_plate":5,"minecraft:oak_boat":1,"minecraft:iron_bars":38,"storagedrawers:oak_full_drawers_2":2,"minecraft:netherrack":15,"minecraft:torch":179,"minecraft:anvil":1,"farmersdelight:flint_knife":9401,"minecraft:iron_axe":843,"minecraft:smooth_basalt":6,"tombstone:gift":8,"farmersdelight:tomato_seeds":14,"minecraft:cobbled_deepslate":28,"farmersdelight:potato_crate":4,"minecraft:calcite":190,"minecraft:wheat_seeds":10,"minecraft:water_bucket":4,"minecraft:polished_blackstone_bricks":2,"create:furnace_minecart_contraption":1,"minecraft:rail":84,"create:encased_fan":1,"minecraft:crafting_table":5,"minecraft:oak_log":12,"minecraft:diamond_pickaxe":1200,"minecraft:oak_button":6,"minecraft:iron_pickaxe":664,"travelersbackpack:white_sleeping_bag":1,"scalinghealth:medkit":1,"minecraft:cobblestone":95,"minecraft:acacia_pressure_plate":2,"storagedrawers:oak_full_drawers_4":2,"minecraft:cooked_porkchop":11,"minecraft:andesite_stairs":4,"minecraft:red_sand":2,"minecraft:iron_shovel":259,"travelersbackpack:lapis":9,"minecraft:iron_sword":179,"minecraft:nether_wart":3,"minecraft:spruce_leaves":1,"paraglider:goddess_statue":1,"minecraft:birch_pressure_plate":4,"mcwdoors:garage_white_door":22,"minecraft:carrot":18,"minecraft:music_disc_11":1,"minecraft:cyan_terracotta":346,"k_turrets:arrow_turret_item":6,"minecraft:stone_bricks":25,"farmersdelight:cutting_board":2,"mcwdoors:metal_windowed_door":10,"minecraft:stone_pickaxe":376,"minecraft:oak_planks":32,"minecraft:chainmail_helmet":1,"minecraft:sugar_cane":4,"waystones:waystone":2,"minecraft:lever":1,"minecraft:heavy_weighted_pressure_plate":1,"spartanshields:stone_basic_shield":25,"minecraft:bread":1,"tombstone:grave_key":24,"create:andesite_casing":1,"minecraft:gravel":4,"minecraft:andesite":28,"minecraft:smooth_stone_slab":114,"minecraft:coarse_dirt":54,"minecraft:cooked_chicken":1,"minecraft:oak_door":1,"minecraft:dirt":255,"scalinghealth:heart_crystal":6,"minecraft:hopper":12,"farmersdelight:carrot_crate":4,"minecraft:cobblestone_wall":23,"minecraft:diamond_helmet":1,"minecraft:iron_hoe":68,"create:cart_assembler":2,"travelersbackpack:sponge":1,"scalinghealth:bandages":4,"mcwbridges:andesite_bridge_stair":2,"minecraft:cooked_beef":13,"tombstone:decorative_grave_original":2,"farmersdelight:skillet":373,"minecraft:baked_potato":79,"minecraft:glass_bottle":51,"minecraft:polished_andesite":70,"pointblank:printer":1,"minecraft:stonecutter":1,"create:cut_calcite_bricks":148,"minecraft:smoker":3,"tombstone:bag_of_seeds":1,"minecraft:apple":2,"minecraft:cracked_polished_blackstone_bricks":1,"minecraft:map":1,"mcwdoors:oak_western_door":4,"minecraft:stone_axe":68,"toughasnails:purified_water_bottle":62,"minecraft:bucket":6,"minecraft:smooth_stone":22,"minecraft:splash_potion":4,"travelersbackpack:yellow_sleeping_bag":6},"minecraft:killed":{"minecraft:skeleton":125,"minecraft:chicken":6,"boh:rat":3,"minecraft:magma_cube":55,"mutantmonsters:mutant_skeleton":4,"minecraft:pillager":26,"minecraft:zombie":90,"endofherobrine:chicken":1,"mutantmonsters:mutant_creeper":2,"minecraft:cow":2,"minecraft:evoker":2,"minecraft:vindicator":7,"alexsmobs:seagull":1,"mutantmonsters:creeper_minion":12,"endofherobrine:silverfish":48,"minecraft:zombified_piglin":48,"minecraft:witch":3,"minecraft:spider":6,"minecraft:illusioner":2,"minecraft:piglin_brute":10,"artifacts:mimic":1,"minecraft:piglin":31,"minecraft:pig":4,"minecraft:zombie_villager":2,"minecraft:creeper":67,"minecraft:trader_llama":1,"minecraft:ghast":1,"minecraft:stray":1,"endofherobrine:cow":2,"minecraft:slime":5,"minecraft:phantom":31,"alexsmobs:bison":9,"minecraft:squid":1,"mutantmonsters:mutant_zombie":4},"minecraft:picked_up":{"minecraft:iron_chestplate":3,"minecraft:chainmail_boots":3,"minecraft:flower_pot":1,"minecraft:anvil":1,"minecraft:lead":1,"create:wrench":1,"minecraft:enchanted_book":1,"minecraft:brewing_stand":1,"minecraft:golden_sword":7,"farmersdelight:cutting_board":1,"paraglider:goddess_statue":1,"minecraft:music_disc_cat":1,"minecraft:string":33,"minecraft:diamond_leggings":1,"create:cart_assembler":3,"minecraft:gold_nugget":19,"minecraft:cobbled_deepslate":158,"farmersdelight:potato_crate":3,"travelersbackpack:yellow_sleeping_bag":5,"mcwbridges:andesite_bridge_stair":2,"minecraft:composter":1,"minecraft:golden_axe":2,"farmersdelight:chicken_cuts":2,"minecraft:golden_chestplate":1,"minecraft:green_terracotta":2,"mutantmonsters:mutant_skeleton_pelvis":1,"create:scoria":1,"minecraft:cyan_terracotta":419,"minecraft:blue_dye":4,"mcwdoors:metal_windowed_door":8,"mcwdoors:garage_white_door":1,"minecraft:snowball":91,"minecraft:birch_log":257,"minecraft:furnace_minecart":1,"storagedrawers:oak_full_drawers_4":2,"minecraft:magma_block":2,"minecraft:feather":7,"minecraft:cooked_beef":17,"minecraft:iron_door":2,"minecraft:smoker":4,"alexsmobs:bison_fur":10,"minecraft:flint":59,"farmersdelight:carrot_crate":2,"minecraft:map":1,"farmersdelight:tomato":9,"farmersdelight:mutton_chops":10,"create:encased_chain_drive":5,"tacz:ammo_box":1,"minecraft:stonecutter":1,"minecraft:gray_terracotta":5,"create:mechanical_drill":1,"minecraft:diamond_helmet":1,"minecraft:glowstone_dust":3,"minecraft:moss_block":89,"create:copycat_panel":10,"scalinghealth:enchanted_heart":2,"minecraft:ink_sac":3,"minecraft:trapped_chest":1,"alexsmobs:animal_dictionary":1,"minecraft:bundle":2,"minecraft:iron_hoe":3,"minecraft:polished_andesite":8,"minecraft:lever":2,"minecraft:granite":2,"minecraft:chainmail_helmet":3,"minecraft:bread":2,"minecraft:diamond_pickaxe":36,"minecraft:coarse_dirt":105,"minecraft:crafting_table":1,"minecraft:nether_wart":9,"minecraft:clay_ball":151,"boh:desire_edge":1,"minecraft:cornflower":3,"tacz:ammo":290,"travelersbackpack:lapis":2,"minecraft:beef":68,"minecraft:poppy":12,"minecraft:iron_nugget":38,"alexsmobs:soul_heart":1,"minecraft:chest":6,"minecraft:birch_sapling":33,"minecraft:raw_copper_block":3,"minecraft:egg":9,"minecraft:oak_door":2,"farmersdelight:minced_beef":134,"pointblank:gunmetal_nugget":532,"farmersdelight:tomato_seeds":6,"minecraft:carrot":54,"minecraft:redstone":175,"k_turrets:arrow_turret_item":6,"minecraft:diamond_chestplate":1,"minecraft:beetroot_seeds":1,"minecraft:peony":2,"minecraft:diamond_boots":1,"minecraft:totem_of_undying":3,"tombstone:essence_of_undeath":2,"create:cut_calcite_bricks":16,"minecraft:rail":157,"minecraft:white_wool":9,"minecraft:oxeye_daisy":2,"minecraft:stripped_oak_log":1,"create:iron_sheet":1,"minecraft:yellow_dye":6,"minecraft:oak_log":584,"scalinghealth:bandages":26,"minecraft:golden_boots":2,"farmersdelight:skillet":8,"farmersdelight:flint_knife":2,"mutantmonsters:mutant_skeleton_limb":8,"minecraft:paper":8,"scalinghealth:medkit":1,"minecraft:birch_pressure_plate":2,"minecraft:stone_bricks":8,"minecraft:apple":12,"minecraft:stone_pickaxe":2,"scalinghealth:power_crystal_shard":2,"tombstone:bag_of_seeds":1,"minecraft:arms_up_pottery_sherd":1,"minecraft:iron_sword":6,"minecraft:smooth_basalt":6,"minecraft:sweet_berries":37,"minecraft:torchflower_seeds":3,"minecraft:gravel":283,"minecraft:spruce_sapling":3,"minecraft:spruce_log":40,"travelersbackpack:standard":1,"create:millstone":1,"minecraft:slime_ball":5,"tacz:modern_kinetic_gun":12,"storagedrawers:oak_full_drawers_2":3,"minecraft:oak_button":5,"minecraft:hopper":8,"minecraft:wheat":13,"minecraft:yellow_wool":18,"boh:spinel":4,"minecraft:potion":2,"minecraft:gilded_blackstone":34,"create:furnace_minecart_contraption":1,"minecraft:raw_copper":212,"mutantmonsters:mutant_skeleton_skull":1,"minecraft:smooth_stone_slab":254,"minecraft:iron_leggings":5,"create:andesite_funnel":4,"minecraft:red_sand":27,"farmersdelight:cabbage":6,"minecraft:smooth_stone":2,"minecraft:bucket":2,"minecraft:red_dye":24,"minecraft:calcite":332,"minecraft:iron_pickaxe":3,"farmersdelight:cabbage_seeds":37,"minecraft:iron_boots":3,"minecraft:furnace":7,"minecraft:tipped_arrow":121,"minecraft:stick":76,"minecraft:torch":91,"minecraft:porkchop":11,"tombstone:grave_dust":44,"minecraft:pointed_dripstone":21,"create:large_cogwheel":2,"mutantmonsters:hulk_hammer":5,"minecraft:quartz_block":2,"minecraft:cactus":19,"minecraft:rotten_flesh":115,"farmersdelight:tree_bark":22,"minecraft:music_disc_ward":1,"mutantmonsters:mutant_skeleton_shoulder_pad":2,"minecraft:cobblestone":185,"minecraft:magma_cream":4,"minecraft:andesite":237,"minecraft:golden_leggings":2,"minecraft:potato":22,"paraglider:spirit_orb":2,"create:raw_zinc":52,"minecraft:tuff":48,"minecraft:light_gray_dye":10,"skilltree:gem":67,"minecraft:lapis_lazuli":140,"minecraft:dirt":187,"minecraft:leather_boots":1,"minecraft:bone":146,"minecraft:bow":13,"minecraft:orange_tulip":2,"minecraft:wheat_seeds":1142,"minecraft:raw_gold":56,"minecraft:oak_planks":26,"minecraft:cooked_porkchop":1,"create:cogwheel":1,"minecraft:oak_pressure_plate":4,"minecraft:sand":179,"minecraft:lily_of_the_valley":1,"travelersbackpack:white_sleeping_bag":2,"pointblank:cp2077_tsunami_nekomata":1,"minecraft:diamond":7,"waystones:waystone":4,"minecraft:cracked_polished_blackstone_bricks":4,"minecraft:crossbow":2,"minecraft:bone_meal":1,"minecraft:emerald":2,"scalinghealth:cursed_heart":1,"minecraft:oak_sapling":122,"minecraft:netherrack":41,"minecraft:allium":12,"minecraft:azure_bluet":1,"minecraft:chicken":7,"minecraft:ladder":2,"minecraft:turtle_helmet":1,"minecraft:brown_mushroom":16,"minecraft:wooden_pickaxe":1,"minecraft:gold_block":54,"minecraft:iron_axe":36,"create:chute":1,"minecraft:blackstone":2,"minecraft:andesite_stairs":1,"farmersdelight:straw":1763,"minecraft:sugar_cane":57,"farmersdelight:golden_knife":1,"minecraft:raw_iron":79,"minecraft:polished_blackstone_bricks":4,"minecraft:cookie":5,"minecraft:music_disc_11":1,"minecraft:howl_pottery_sherd":1,"travelersbackpack:sponge":3,"minecraft:arrow":173,"boh:cooked_venison":1,"k_turrets:raw_titanium":41,"mutantmonsters:mutant_skeleton_rib":5,"minecraft:burn_pottery_sherd":1,"minecraft:glow_ink_sac":16,"minecraft:leather":1,"minecraft:birch_planks":2,"minecraft:chainmail_chestplate":4,"minecraft:gunpowder":45,"farmersdelight:tatami":112,"scalinghealth:heart_crystal":29,"pointblank:cp2077_budget_arms_carnage":1,"boh:kindness_flower":1,"minecraft:iron_ingot":2,"artifacts:kitty_slippers":2,"immersive_aircraft:airship":8,"minecraft:soul_sand":2,"minecraft:green_dye":2,"minecraft:book":21,"scalinghealth:heart_crystal_shard":44,"minecraft:dandelion":8,"minecraft:dripstone_block":1,"minecraft:blast_furnace":3,"minecraft:spider_eye":9,"minecraft:chainmail_leggings":4,"create:encased_fan":2,"minecraft:iron_helmet":2,"tombstone:magic_scroll":8,"minecraft:coal":272},"minecraft:killed_by":{"minecraft:piglin_brute":8,"mutantmonsters:mutant_creeper":1,"minecraft:vindicator":1,"minecraft:zombie":10,"mutantmonsters:mutant_skeleton":3,"boh:rat":1,"minecraft:evoker":3,"mutantmonsters:mutant_zombie":2,"minecraft:zombified_piglin":5,"minecraft:creeper":3,"minecraft:enderman":3,"minecraft:skeleton":12,"minecraft:phantom":1,"endofherobrine:silverfish":1}},"DataVersion":3465}