{"stats":{"minecraft:picked_up":{"minecraft:iron_chestplate":3,"minecraft:wheat":13,"minecraft:chainmail_boots":1,"minecraft:anvil":1,"minecraft:flower_pot":1,"minecraft:yellow_wool":18,"minecraft:lead":1,"boh:spinel":4,"create:wrench":1,"minecraft:enchanted_book":1,"minecraft:gilded_blackstone":34,"minecraft:brewing_stand":1,"minecraft:golden_sword":7,"minecraft:music_disc_cat":1,"farmersdelight:cutting_board":1,"create:furnace_minecart_contraption":1,"paraglider:goddess_statue":1,"minecraft:string":28,"minecraft:raw_copper":212,"minecraft:smooth_stone_slab":254,"minecraft:iron_leggings":4,"create:andesite_funnel":4,"create:cart_assembler":3,"minecraft:diamond_leggings":1,"minecraft:red_sand":27,"minecraft:smooth_stone":2,"minecraft:gold_nugget":18,"minecraft:cobbled_deepslate":158,"minecraft:bucket":2,"farmersdelight:cabbage":6,"minecraft:calcite":331,"minecraft:iron_pickaxe":3,"farmersdelight:cabbage_seeds":37,"minecraft:iron_boots":3,"minecraft:furnace":7,"minecraft:tipped_arrow":121,"minecraft:stick":72,"farmersdelight:potato_crate":3,"mcwbridges:andesite_bridge_stair":2,"travelersbackpack:yellow_sleeping_bag":5,"minecraft:torch":81,"minecraft:porkchop":11,"minecraft:golden_axe":2,"minecraft:pointed_dripstone":21,"tombstone:grave_dust":42,"farmersdelight:chicken_cuts":2,"minecraft:golden_chestplate":1,"minecraft:green_terracotta":2,"create:large_cogwheel":2,"mutantmonsters:hulk_hammer":4,"minecraft:quartz_block":2,"minecraft:cactus":14,"minecraft:rotten_flesh":95,"create:scoria":1,"farmersdelight:tree_bark":22,"mcwdoors:metal_windowed_door":8,"minecraft:cyan_terracotta":353,"mcwdoors:garage_white_door":1,"minecraft:snowball":91,"minecraft:cobblestone":185,"minecraft:birch_log":257,"minecraft:furnace_minecart":1,"minecraft:golden_leggings":2,"minecraft:magma_block":2,"minecraft:feather":7,"minecraft:cooked_beef":17,"minecraft:magma_cream":2,"minecraft:iron_door":2,"minecraft:andesite":237,"minecraft:smoker":4,"minecraft:potato":22,"alexsmobs:bison_fur":10,"paraglider:spirit_orb":2,"minecraft:flint":59,"minecraft:tuff":48,"create:raw_zinc":52,"farmersdelight:carrot_crate":2,"skilltree:gem":67,"minecraft:dirt":179,"minecraft:lapis_lazuli":139,"farmersdelight:tomato":9,"create:encased_chain_drive":5,"farmersdelight:mutton_chops":10,"tacz:ammo_box":1,"minecraft:leather_boots":1,"minecraft:bone":133,"minecraft:gray_terracotta":5,"minecraft:bow":13,"minecraft:stonecutter":1,"minecraft:wheat_seeds":954,"minecraft:orange_tulip":1,"create:mechanical_drill":1,"minecraft:raw_gold":56,"minecraft:diamond_helmet":1,"minecraft:glowstone_dust":3,"minecraft:moss_block":89,"minecraft:oak_planks":23,"minecraft:cooked_porkchop":1,"create:cogwheel":1,"minecraft:oak_pressure_plate":4,"minecraft:sand":179,"create:copycat_panel":10,"minecraft:ink_sac":3,"minecraft:lily_of_the_valley":1,"minecraft:trapped_chest":1,"alexsmobs:animal_dictionary":1,"travelersbackpack:white_sleeping_bag":2,"minecraft:iron_hoe":1,"minecraft:bundle":1,"minecraft:polished_andesite":8,"minecraft:diamond":7,"waystones:waystone":3,"minecraft:lever":2,"minecraft:cracked_polished_blackstone_bricks":4,"minecraft:granite":2,"minecraft:crossbow":1,"minecraft:bone_meal":1,"minecraft:bread":2,"minecraft:chainmail_helmet":2,"scalinghealth:cursed_heart":1,"minecraft:oak_sapling":112,"minecraft:netherrack":41,"minecraft:diamond_pickaxe":36,"minecraft:crafting_table":1,"minecraft:coarse_dirt":105,"minecraft:allium":11,"minecraft:azure_bluet":1,"minecraft:chicken":7,"minecraft:nether_wart":6,"minecraft:clay_ball":151,"minecraft:turtle_helmet":1,"minecraft:brown_mushroom":12,"minecraft:wooden_pickaxe":1,"minecraft:gold_block":54,"boh:desire_edge":1,"minecraft:cornflower":2,"minecraft:iron_axe":36,"tacz:ammo":290,"create:chute":1,"minecraft:blackstone":2,"minecraft:beef":68,"travelersbackpack:lapis":2,"minecraft:andesite_stairs":1,"farmersdelight:straw":1436,"alexsmobs:soul_heart":1,"minecraft:iron_nugget":38,"minecraft:poppy":3,"minecraft:chest":4,"minecraft:sugar_cane":45,"farmersdelight:golden_knife":1,"minecraft:birch_sapling":33,"minecraft:raw_copper_block":3,"minecraft:egg":9,"minecraft:raw_iron":79,"minecraft:oak_door":1,"farmersdelight:minced_beef":134,"pointblank:gunmetal_nugget":457,"minecraft:polished_blackstone_bricks":4,"farmersdelight:tomato_seeds":6,"minecraft:cookie":5,"minecraft:carrot":54,"minecraft:redstone":175,"travelersbackpack:sponge":3,"minecraft:howl_pottery_sherd":1,"minecraft:arrow":158,"minecraft:diamond_chestplate":1,"boh:cooked_venison":1,"k_turrets:arrow_turret_item":6,"minecraft:beetroot_seeds":1,"minecraft:peony":2,"minecraft:diamond_boots":1,"k_turrets:raw_titanium":41,"tombstone:essence_of_undeath":2,"create:cut_calcite_bricks":16,"minecraft:white_wool":9,"minecraft:rail":157,"minecraft:stripped_oak_log":1,"create:iron_sheet":1,"minecraft:burn_pottery_sherd":1,"minecraft:glow_ink_sac":16,"minecraft:leather":1,"minecraft:birch_planks":2,"minecraft:oak_log":534,"minecraft:chainmail_chestplate":3,"scalinghealth:bandages":22,"minecraft:golden_boots":1,"minecraft:gunpowder":36,"farmersdelight:skillet":8,"farmersdelight:tatami":110,"scalinghealth:heart_crystal":27,"farmersdelight:flint_knife":2,"minecraft:paper":8,"scalinghealth:medkit":1,"minecraft:birch_pressure_plate":2,"minecraft:apple":12,"minecraft:stone_bricks":8,"boh:kindness_flower":1,"minecraft:stone_pickaxe":2,"minecraft:iron_ingot":2,"scalinghealth:power_crystal_shard":2,"artifacts:kitty_slippers":2,"tombstone:bag_of_seeds":1,"immersive_aircraft:airship":8,"minecraft:arms_up_pottery_sherd":1,"minecraft:iron_sword":5,"minecraft:soul_sand":1,"minecraft:book":21,"scalinghealth:heart_crystal_shard":44,"minecraft:smooth_basalt":6,"minecraft:sweet_berries":37,"minecraft:torchflower_seeds":3,"minecraft:dandelion":1,"minecraft:dripstone_block":1,"minecraft:gravel":283,"minecraft:spruce_sapling":3,"minecraft:blast_furnace":3,"minecraft:spruce_log":40,"minecraft:spider_eye":9,"travelersbackpack:standard":1,"create:millstone":1,"tacz:modern_kinetic_gun":8,"minecraft:chainmail_leggings":3,"create:encased_fan":2,"minecraft:iron_helmet":2,"storagedrawers:oak_full_drawers_2":3,"minecraft:oak_button":4,"tombstone:magic_scroll":8,"minecraft:coal":272,"minecraft:hopper":8},"minecraft:killed":{"endofherobrine:silverfish":48,"minecraft:zombified_piglin":46,"minecraft:witch":3,"minecraft:spider":5,"minecraft:skeleton":113,"minecraft:chicken":6,"boh:rat":2,"minecraft:piglin_brute":10,"artifacts:mimic":1,"minecraft:magma_cube":55,"minecraft:piglin":31,"minecraft:pig":4,"minecraft:zombie_villager":2,"mutantmonsters:mutant_skeleton":3,"minecraft:creeper":59,"minecraft:trader_llama":1,"minecraft:pillager":1,"minecraft:zombie":81,"minecraft:stray":1,"minecraft:ghast":1,"endofherobrine:chicken":1,"endofherobrine:cow":2,"mutantmonsters:mutant_creeper":2,"minecraft:cow":2,"alexsmobs:seagull":1,"minecraft:phantom":28,"alexsmobs:bison":9,"minecraft:squid":1,"mutantmonsters:creeper_minion":12,"mutantmonsters:mutant_zombie":4},"minecraft:used":{"minecraft:moss_block":42,"minecraft:red_sand":2,"minecraft:iron_shovel":250,"immersive_aircraft:airship":8,"travelersbackpack:lapis":9,"farmersdelight:cabbage_seeds":12,"minecraft:chest":18,"minecraft:stone":982,"minecraft:iron_sword":179,"minecraft:nether_wart":2,"minecraft:rotten_flesh":13,"minecraft:spruce_leaves":1,"paraglider:goddess_statue":1,"minecraft:birch_pressure_plate":4,"minecraft:soul_sand":1,"mcwdoors:garage_white_door":22,"minecraft:carrot":18,"minecraft:snowball":9,"minecraft:cyan_terracotta":346,"k_turrets:arrow_turret_item":6,"minecraft:grass_block":199,"minecraft:polished_andesite_stairs":7,"minecraft:stone_bricks":25,"create:andesite_funnel":2,"mcwdoors:metal_windowed_door":10,"farmersdelight:cutting_board":2,"minecraft:bow":1075,"create:shaft":2,"minecraft:furnace":3,"minecraft:potato":23,"minecraft:stone_pickaxe":376,"minecraft:oak_planks":29,"minecraft:blackstone":1,"minecraft:wooden_pickaxe":59,"minecraft:chainmail_helmet":1,"minecraft:sugar_cane":2,"spartanshields:diamond_basic_shield":175,"farmersdelight:tatami":415,"minecraft:blast_furnace":4,"waystones:waystone":1,"minecraft:lever":1,"spartanshields:stone_basic_shield":25,"minecraft:bread":1,"create:andesite_casing":1,"minecraft:oak_pressure_plate":5,"minecraft:gravel":4,"tombstone:grave_key":24,"minecraft:andesite":28,"minecraft:oak_boat":1,"minecraft:smooth_stone_slab":114,"minecraft:coarse_dirt":54,"storagedrawers:oak_full_drawers_2":2,"minecraft:iron_bars":38,"minecraft:cooked_chicken":1,"minecraft:netherrack":15,"minecraft:oak_door":1,"minecraft:torch":168,"minecraft:anvil":1,"minecraft:dirt":254,"scalinghealth:heart_crystal":6,"farmersdelight:flint_knife":7622,"minecraft:cobblestone_wall":23,"minecraft:hopper":12,"farmersdelight:carrot_crate":4,"minecraft:diamond_helmet":1,"minecraft:iron_hoe":68,"minecraft:iron_axe":806,"create:cart_assembler":2,"minecraft:smooth_basalt":6,"travelersbackpack:sponge":1,"scalinghealth:bandages":2,"tombstone:gift":8,"mcwbridges:andesite_bridge_stair":2,"minecraft:cooked_beef":13,"farmersdelight:tomato_seeds":14,"minecraft:cobbled_deepslate":28,"tombstone:decorative_grave_original":2,"farmersdelight:potato_crate":4,"minecraft:calcite":189,"minecraft:wheat_seeds":10,"minecraft:water_bucket":4,"farmersdelight:skillet":363,"pointblank:printer":1,"minecraft:polished_andesite":70,"minecraft:glass_bottle":44,"minecraft:baked_potato":62,"minecraft:stonecutter":1,"minecraft:polished_blackstone_bricks":2,"create:furnace_minecart_contraption":1,"create:cut_calcite_bricks":148,"minecraft:rail":84,"create:encased_fan":1,"minecraft:crafting_table":5,"minecraft:smoker":3,"minecraft:oak_log":8,"tombstone:bag_of_seeds":1,"minecraft:apple":2,"minecraft:diamond_pickaxe":1132,"minecraft:cracked_polished_blackstone_bricks":1,"minecraft:oak_button":5,"minecraft:iron_pickaxe":664,"travelersbackpack:white_sleeping_bag":1,"mcwdoors:oak_western_door":4,"minecraft:stone_axe":68,"scalinghealth:medkit":1,"minecraft:cobblestone":95,"storagedrawers:oak_full_drawers_4":1,"toughasnails:purified_water_bottle":55,"minecraft:acacia_pressure_plate":2,"minecraft:cooked_porkchop":11,"minecraft:andesite_stairs":4,"minecraft:bucket":6,"minecraft:splash_potion":4,"travelersbackpack:yellow_sleeping_bag":6,"minecraft:smooth_stone":22},"minecraft:crafted":{"immersive_aircraft:engine":1,"immersive_aircraft:hull_reinforcement":1,"minecraft:smooth_stone":3,"minecraft:oak_planks":123,"k_turrets:arrow_turret_item":1,"travelersbackpack:crafting_upgrade":1,"farmersdelight:canvas":286,"minecraft:cooked_chicken":1,"travelersbackpack:yellow_sleeping_bag":1,"minecraft:stone":3,"minecraft:lever":1,"k_turrets:titanium_ingot":18,"minecraft:potato":1,"minecraft:glass":13,"minecraft:hopper":4,"minecraft:diamond_helmet":1,"minecraft:bow":5,"minecraft:raw_copper":9,"minecraft:comparator":2,"immersive_aircraft:hull":5,"minecraft:chest":18,"mcwdoors:metal_door":2,"minecraft:smoker":1,"immersive_aircraft:gyroscope":1,"tombstone:decorative_grave_original":2,"pointblank:printer":1,"travelersbackpack:iron_tier_upgrade":1,"pointblank:gunmetal_mesh":64,"minecraft:cooked_porkchop":11,"minecraft:crafting_table":4,"travelersbackpack:lapis":1,"minecraft:spruce_planks":8,"mutantmonsters:creeper_minion_tracker":1,"travelersbackpack:standard":1,"minecraft:copper_ingot":152,"minecraft:birch_planks":35,"farmersdelight:tatami":286,"farmersdelight:skillet":1,"tombstone:white_marble":10,"minecraft:dispenser":1,"farmersdelight:cutting_board":1,"minecraft:tnt":11,"minecraft:string":46,"minecraft:stick":14,"minecraft:iron_pickaxe":3,"minecraft:compass":1,"minecraft:iron_ingot":47,"minecraft:stone_sword":1,"minecraft:gold_ingot":12,"spartanshields:wooden_basic_shield":2,"minecraft:redstone_torch":6,"toolbelt:belt":1,"minecraft:iron_nugget":9,"farmersdelight:potato_crate":2,"immersive_aircraft:sail":6,"minecraft:furnace":1,"minecraft:blast_furnace":2,"minecraft:piston":2,"minecraft:bone_meal":4,"spartanshields:diamond_basic_shield":2,"minecraft:white_carpet":36,"travelersbackpack:blank_upgrade":4,"minecraft:glass_pane":16,"travelersbackpack:white_sleeping_bag":1,"farmersdelight:carrot_crate":2,"minecraft:iron_axe":4,"minecraft:stone_pickaxe":3,"minecraft:diamond_boots":1,"minecraft:minecart":1,"immersive_aircraft:airship":1,"mcwdoors:metal_windowed_door":2,"immersive_aircraft:improved_landing_gear":1,"scalinghealth:heart_dust":2,"immersive_aircraft:boiler":1,"pointblank:gunmetal_ingot":14,"pointblank:processor":12,"travelersbackpack:backpack_tank":4,"immersive_aircraft:industrial_gears":1,"spartanshields:stone_basic_shield":1,"mobdropsrecipes_overworld:overworld_essence_common":125,"minecraft:bucket":4,"minecraft:stone_axe":1,"minecraft:air":509,"minecraft:oak_boat":1,"minecraft:white_wool":24,"minecraft:iron_shovel":2,"farmersdelight:diamond_knife":1,"minecraft:torch":43,"create:zinc_ingot":43,"minecraft:lapis_block":4},"minecraft:broken":{"minecraft:iron_shovel":1,"minecraft:diamond_helmet":1,"minecraft:stone_pickaxe":1,"minecraft:diamond_boots":1,"spartanshields:stone_basic_shield":1,"minecraft:chainmail_helmet":1,"minecraft:wooden_pickaxe":1,"minecraft:iron_axe":2,"minecraft:iron_pickaxe":2},"minecraft:killed_by":{"mutantmonsters:mutant_zombie":2,"minecraft:zombified_piglin":5,"minecraft:piglin_brute":8,"minecraft:creeper":3,"mutantmonsters:mutant_creeper":1,"minecraft:zombie":9,"minecraft:enderman":1,"mutantmonsters:mutant_skeleton":3,"minecraft:skeleton":10,"boh:rat":1,"endofherobrine:silverfish":1},"minecraft:dropped":{"marbledsarsenal:black_juggernaut_armor_chestplate":1,"minecraft:birch_planks":26,"minecraft:orange_tulip":1,"travelersbackpack:standard":1,"minecraft:rail":5,"minecraft:cracked_polished_blackstone_bricks":3,"minecraft:dirt":9,"minecraft:raw_copper_block":2,"minecraft:cornflower":1,"minecraft:snowball":11,"minecraft:gilded_blackstone":30,"minecraft:gold_nugget":14,"minecraft:furnace_minecart":1,"minecraft:polished_blackstone_bricks":2,"mutantmonsters:creeper_minion_tracker":1,"minecraft:iron_pickaxe":3,"marbledsarsenal:black_juggernaut_armor_leggings":1,"minecraft:birch_log":16,"minecraft:gold_ingot":6,"minecraft:bone":11,"alexsmobs:animal_dictionary":2,"minecraft:cobbled_deepslate":50,"minecraft:lever":1,"minecraft:iron_nugget":38,"minecraft:stone_axe":1,"minecraft:blackstone":1,"minecraft:gravel":78,"minecraft:golden_chestplate":1,"minecraft:yellow_wool":9,"minecraft:rotten_flesh":26,"minecraft:oak_planks":11,"minecraft:carrot":1,"minecraft:chainmail_chestplate":1,"create:scoria":1,"travelersbackpack:white_sleeping_bag":1,"create:wrench":1,"minecraft:chainmail_boots":1,"minecraft:arrow":1,"minecraft:netherrack":16,"minecraft:golden_boots":2,"minecraft:wheat_seeds":65,"farmersdelight:skillet":4,"minecraft:dripstone_block":1,"minecraft:golden_axe":1,"minecraft:cobblestone":8,"minecraft:iron_helmet":1,"minecraft:chainmail_helmet":1,"minecraft:stick":5,"minecraft:lava_bucket":1,"tacz:ammo_box":1,"minecraft:lodestone":1,"tacz:modern_kinetic_gun":7,"minecraft:iron_leggings":2,"tombstone:grave_dust":3,"minecraft:iron_axe":34,"minecraft:smooth_stone":1,"minecraft:chainmail_leggings":3,"minecraft:string":2,"minecraft:bucket":1,"minecraft:music_disc_cat":1,"minecraft:spruce_sapling":3,"artifacts:kitty_slippers":1,"create:furnace_minecart_contraption":1,"marbledsarsenal:black_juggernaut_armor_boots":1,"minecraft:coarse_dirt":2,"minecraft:stone_sword":1,"farmersdelight:cabbage_seeds":28,"minecraft:tuff":7,"minecraft:clay_ball":1,"minecraft:iron_boots":2,"minecraft:stripped_oak_log":1,"minecraft:iron_hoe":1,"minecraft:torchflower_seeds":6,"pointblank:gunmetal_nugget":2,"minecraft:lily_of_the_valley":1,"create:cart_assembler":1,"minecraft:potato":3,"minecraft:allium":3,"minecraft:peony":1,"minecraft:diamond_pickaxe":15,"minecraft:iron_chestplate":1,"minecraft:andesite":44,"marbledsarsenal:black_juggernaut_armor_helmet":1,"minecraft:golden_leggings":1,"minecraft:andesite_stairs":1,"minecraft:golden_sword":2,"minecraft:stone_bricks":4,"minecraft:spruce_log":36,"minecraft:stone_pickaxe":2,"minecraft:bow":5,"minecraft:magma_block":2,"scalinghealth:bandages":1},"minecraft:mined":{"minecraft:large_amethyst_bud":1,"create:cut_calcite_bricks":10,"minecraft:jungle_leaves":2,"minecraft:brewing_stand":1,"minecraft:granite":2,"minecraft:red_sand":21,"minecraft:grass_block":114,"travelersbackpack:sponge":3,"minecraft:cracked_polished_blackstone_bricks":5,"minecraft:oak_pressure_plate":4,"minecraft:hopper":8,"minecraft:nether_wart":2,"minecraft:spawner":2,"minecraft:gilded_blackstone":5,"minecraft:polished_blackstone_bricks":5,"minecraft:magma_block":1,"minecraft:cobbled_deepslate":1,"minecraft:iron_ore":41,"minecraft:fire":11,"minecraft:azure_bluet":1,"minecraft:anvil":1,"minecraft:deepslate_lapis_ore":13,"minecraft:pointed_dripstone":9,"minecraft:dirt_path":1,"minecraft:small_amethyst_bud":1,"minecraft:deepslate_redstone_ore":41,"minecraft:gray_terracotta":6,"create:cogwheel":1,"minecraft:brown_mushroom":12,"minecraft:quartz_block":2,"minecraft:cyan_terracotta":359,"minecraft:blackstone":2,"minecraft:medium_amethyst_bud":1,"minecraft:smoker":2,"minecraft:soul_fire":2,"farmersdelight:potato_crate":3,"scalinghealth:deepslate_heart_crystal_ore":13,"minecraft:clay":32,"minecraft:torch":41,"minecraft:blast_furnace":3,"minecraft:calcite":309,"minecraft:poppy":3,"minecraft:chest":4,"create:scoria":1,"minecraft:dead_bush":1,"minecraft:cobblestone":11,"minecraft:sugar_cane":27,"minecraft:oak_planks":12,"minecraft:iron_door":2,"minecraft:wall_torch":29,"farmersdelight:sandy_shrub":6,"boh:spinel_ore_ore":4,"minecraft:yellow_wool":9,"minecraft:birch_log":258,"minecraft:wheat":15,"create:copycat_panel":11,"minecraft:orange_tulip":1,"storagedrawers:oak_full_drawers_2":3,"minecraft:smooth_stone_slab":136,"minecraft:grass":6262,"minecraft:oak_log":531,"minecraft:sand":133,"minecraft:dirt":28,"create:encased_chain_drive":6,"minecraft:raw_copper_block":4,"minecraft:stonecutter":1,"minecraft:netherrack":41,"minecraft:oak_leaves":67,"minecraft:deepslate":122,"create:zinc_ore":52,"minecraft:tuff":22,"mcwbridges:andesite_bridge_stair":2,"create:millstone":1,"travelersbackpack:lapis":2,"minecraft:deepslate_diamond_ore":7,"minecraft:allium":11,"create:large_cogwheel":2,"minecraft:white_stained_glass":3,"create:encased_fan":2,"travelersbackpack:white_sleeping_bag":1,"farmersdelight:tomatoes":6,"minecraft:spruce_leaves":10,"farmersdelight:wild_cabbages":39,"minecraft:moss_block":89,"minecraft:large_fern":76,"farmersdelight:wild_onions":1,"minecraft:furnace":7,"minecraft:carrots":14,"minecraft:nether_sprouts":4,"minecraft:andesite":235,"minecraft:green_terracotta":2,"minecraft:stripped_spruce_log":4,"minecraft:peony":2,"minecraft:gold_block":55,"minecraft:bookshelf":7,"minecraft:potatoes":4,"minecraft:deepslate_iron_ore":38,"travelersbackpack:yellow_sleeping_bag":5,"create:cart_assembler":2,"minecraft:vine":3,"minecraft:rail":144,"create:chute":1,"minecraft:stripped_oak_log":1,"minecraft:stone":164,"minecraft:white_wool":9,"minecraft:birch_pressure_plate":3,"minecraft:soul_sand":1,"minecraft:lily_of_the_valley":1,"minecraft:dandelion":1,"storagedrawers:oak_full_drawers_4":1,"boh:kindness_flower":1,"minecraft:crafting_table":1,"minecraft:cornflower":2,"farmersdelight:carrot_crate":2,"minecraft:tall_grass":1004,"minecraft:copper_ore":60,"endofherobrine:glowing_obsidian":13,"minecraft:deepslate_coal_ore":2,"mcwdoors:metal_windowed_door":5,"minecraft:deepslate_gold_ore":42,"minecraft:lapis_ore":11,"farmersdelight:wild_beetroots":1,"minecraft:cactus":10,"farmersdelight:skillet":1,"minecraft:coarse_dirt":55,"minecraft:spruce_log":40,"minecraft:birch_leaves":6,"farmersdelight:tatami":107,"create:mechanical_drill":1,"k_turrets:titanium_ore":40,"minecraft:coal_ore":71,"minecraft:gravel":13,"minecraft:dripstone_block":3,"minecraft:cobweb":8,"minecraft:oak_button":1,"minecraft:stone_bricks":8,"minecraft:polished_andesite":8,"create:andesite_funnel":4,"minecraft:fern":269,"paraglider:goddess_statue":1},"minecraft:custom":{"minecraft:interact_with_crafting_table":228,"minecraft:open_barrel":53,"minecraft:bell_ring":7,"minecraft:leave_game":54,"minecraft:time_since_death":583,"minecraft:damage_resisted":66,"minecraft:sprint_one_cm":2499369,"minecraft:damage_blocked_by_shield":15520,"minecraft:drop":236,"minecraft:talked_to_villager":3,"minecraft:play_time":1370386,"minecraft:deaths":59,"minecraft:jump":8745,"minecraft:interact_with_brewingstand":2,"minecraft:walk_on_water_one_cm":77423,"minecraft:enchant_item":2,"minecraft:interact_with_furnace":117,"minecraft:sleep_in_bed":35,"minecraft:waystone_activated":1,"minecraft:damage_dealt":30325,"minecraft:crouch_one_cm":38896,"tombstone:undead_killed":250,"minecraft:interact_with_smoker":31,"minecraft:horse_one_cm":418,"minecraft:interact_with_smithing_table":12,"minecraft:interact_with_anvil":23,"minecraft:mob_kills":567,"minecraft:inspect_hopper":6,"minecraft:damage_dealt_resisted":23211,"minecraft:climb_one_cm":14014,"minecraft:walk_one_cm":6312778,"minecraft:sneak_time":16654,"minecraft:walk_under_water_one_cm":56215,"minecraft:interact_with_blast_furnace":34,"minecraft:total_world_time":1371112,"spartanshields:shield_bash_hits":24,"tombstone:raider_killed":4,"minecraft:interact_with_stonecutter":2,"minecraft:time_since_rest":462,"minecraft:damage_taken":34615,"minecraft:trigger_trapped_chest":1,"minecraft:swim_one_cm":20291,"minecraft:fly_one_cm":1160380,"minecraft:open_chest":1178,"minecraft:fall_one_cm":165358}},"DataVersion":3465}