{"stats":{"minecraft:mined":{"create:deepslate_zinc_ore":9,"minecraft:oak_sapling":49,"minecraft:andesite_stairs":2,"create:cut_calcite_bricks":1,"minecraft:obsidian":7,"minecraft:grass_block":1694,"minecraft:cracked_polished_blackstone_bricks":3,"minecraft:soul_soil":3,"minecraft:spawner":4,"minecraft:smooth_stone":2,"minecraft:polished_blackstone_bricks":6,"minecraft:weeping_vines_plant":1,"minecraft:fire":9,"minecraft:iron_ore":11,"minecraft:cobbled_deepslate":9,"mutantmonsters:mutant_skeleton_wall_skull":1,"minecraft:deepslate_lapis_ore":2,"minecraft:azure_bluet":2,"minecraft:dirt_path":2,"scalinghealth:deepslate_power_crystal_ore":1,"minecraft:iron_bars":183,"minecraft:deepslate_redstone_ore":8,"minecraft:gray_terracotta":8,"minecraft:cyan_terracotta":18,"minecraft:blackstone":3,"minecraft:crimson_nylium":1,"minecraft:soul_fire":1,"scalinghealth:deepslate_heart_crystal_ore":5,"minecraft:torch":8,"minecraft:calcite":17,"minecraft:nether_quartz_ore":88,"minecraft:cobblestone":11,"minecraft:oak_planks":75,"minecraft:wall_torch":17,"minecraft:amethyst_block":5,"minecraft:birch_sapling":8,"boh:spinel_ore_ore":20,"minecraft:nether_wart_block":5,"minecraft:birch_log":137,"minecraft:smooth_stone_slab":1,"minecraft:grass":74,"minecraft:oak_log":1679,"minecraft:lime_terracotta":3,"minecraft:sand":82,"minecraft:dirt":114,"minecraft:smooth_basalt":8,"minecraft:netherrack":757,"minecraft:oak_leaves":243,"minecraft:deepslate":428,"minecraft:yellow_terracotta":9,"create:zinc_ore":14,"minecraft:nether_gold_ore":8,"minecraft:tuff":64,"minecraft:mossy_cobblestone":4,"minecraft:deepslate_diamond_ore":26,"mcwdoors:garage_white_door":9,"minecraft:allium":6,"minecraft:spruce_leaves":8,"create:scorchia":4,"minecraft:green_terracotta":33,"minecraft:andesite":78,"minecraft:deepslate_iron_ore":12,"minecraft:stripped_oak_log":5,"minecraft:stone":161,"minecraft:soul_sand":2,"minecraft:basalt":7,"minecraft:dandelion":3,"boh:kindness_flower":1,"minecraft:crafting_table":4,"minecraft:copper_ore":2,"minecraft:deepslate_gold_ore":13,"minecraft:birch_planks":8,"minecraft:coarse_dirt":7,"minecraft:cobblestone_wall":1,"minecraft:redstone_torch":1,"minecraft:spruce_log":18,"minecraft:birch_leaves":6,"k_turrets:titanium_ore":1,"minecraft:coal_ore":4,"minecraft:gravel":260,"minecraft:cobweb":7,"minecraft:stone_bricks":5,"minecraft:gold_ore":7},"minecraft:dropped":{"boh:kindness_flower":1,"minecraft:birch_planks":3,"alexsmobs:rocky_shell":1,"minecraft:leather":1,"minecraft:saddle":1,"minecraft:rail":1,"alexsmobs:soul_heart":1,"minecraft:dirt":1,"minecraft:gold_nugget":3,"minecraft:bone":4,"minecraft:gravel":1,"minecraft:iron_nugget":1,"alexsmobs:animal_dictionary":1,"minecraft:birch_sapling":4,"minecraft:rotten_flesh":16,"travelersbackpack:white_sleeping_bag":1,"k_turrets:raw_titanium":1,"minecraft:arrow":45,"minecraft:netherrack":64,"minecraft:enchanted_book":1,"minecraft:wheat_seeds":17,"farmersdelight:skillet":1,"minecraft:cobblestone":5,"minecraft:stick":4,"minecraft:torch":6,"scalinghealth:heart_crystal":1,"skilltree:gem":1,"tacz:modern_kinetic_gun":4,"minecraft:iron_axe":2,"minecraft:string":3,"minecraft:dandelion":1,"minecraft:smooth_basalt":2,"minecraft:smooth_stone_slab":1,"minecraft:tuff":14,"farmersdelight:straw":1,"pointblank:gunmetal_nugget":1,"farmersdelight:flint_knife":2,"minecraft:andesite":1,"minecraft:oak_sapling":1,"minecraft:andesite_stairs":1,"minecraft:barrel":1,"minecraft:bow":2,"minecraft:stone_pickaxe":1,"minecraft:calcite":4},"minecraft:picked_up":{"boh:spinel":20,"minecraft:enchanted_book":5,"minecraft:string":7,"minecraft:raw_copper":13,"mutantmonsters:mutant_skeleton_skull":2,"minecraft:smooth_stone_slab":9,"minecraft:smooth_stone":2,"minecraft:gold_nugget":31,"minecraft:cobbled_deepslate":462,"minecraft:bucket":1,"minecraft:redstone_torch":7,"minecraft:calcite":36,"minecraft:iron_pickaxe":2,"minecraft:stick":249,"minecraft:torch":37,"tacz:attachment":1,"tombstone:grave_dust":4,"minecraft:pointed_dripstone":2,"minecraft:green_terracotta":31,"minecraft:golden_chestplate":1,"mutantmonsters:mutant_skeleton_pelvis":1,"minecraft:rotten_flesh":20,"minecraft:cyan_terracotta":17,"minecraft:blaze_rod":1,"mutantmonsters:mutant_skeleton_shoulder_pad":1,"mcwdoors:garage_white_door":9,"minecraft:obsidian":6,"minecraft:iron_bars":134,"minecraft:snowball":4,"minecraft:cobblestone":181,"minecraft:birch_log":203,"minecraft:andesite":71,"paraglider:spirit_orb":8,"minecraft:flint":23,"minecraft:tuff":61,"create:raw_zinc":23,"alexsmobs:rocky_shell":1,"skilltree:gem":32,"minecraft:lapis_lazuli":11,"minecraft:dirt":1855,"minecraft:bone":24,"minecraft:gray_terracotta":8,"minecraft:bow":3,"minecraft:wheat_seeds":25,"minecraft:raw_gold":20,"minecraft:oak_planks":75,"minecraft:lime_terracotta":3,"minecraft:sand":82,"minecraft:ink_sac":5,"minecraft:barrel":1,"minecraft:mossy_cobblestone":4,"travelersbackpack:white_sleeping_bag":1,"minecraft:bundle":1,"minecraft:diamond":26,"minecraft:golden_horse_armor":1,"minecraft:chainmail_helmet":1,"minecraft:oak_sapling":444,"minecraft:netherrack":344,"minecraft:diamond_pickaxe":4,"minecraft:charcoal":1,"minecraft:coarse_dirt":7,"minecraft:crafting_table":4,"minecraft:allium":11,"minecraft:azure_bluet":6,"boh:venison":4,"minecraft:iron_axe":1,"create:scorchia":4,"tacz:ammo":96,"minecraft:blackstone":4,"minecraft:cracked_stone_bricks":1,"minecraft:andesite_stairs":1,"farmersdelight:straw":1,"minecraft:birch_sapling":27,"minecraft:phantom_membrane":1,"minecraft:egg":2,"minecraft:raw_iron":23,"pointblank:gunmetal_nugget":95,"minecraft:polished_blackstone_bricks":5,"minecraft:redstone":38,"minecraft:arrow":59,"k_turrets:raw_titanium":1,"minecraft:yellow_terracotta":9,"mutantmonsters:mutant_skeleton_rib":3,"create:cut_calcite_bricks":1,"minecraft:saddle":1,"minecraft:gold_ingot":3,"minecraft:rail":3,"minecraft:stripped_oak_log":4,"minecraft:basalt":3,"minecraft:leather":1,"minecraft:birch_planks":11,"minecraft:oak_log":1687,"scalinghealth:bandages":2,"minecraft:nether_wart_block":1,"minecraft:golden_boots":1,"minecraft:gunpowder":6,"scalinghealth:heart_crystal":4,"farmersdelight:skillet":1,"mutantmonsters:mutant_skeleton_limb":7,"minecraft:stone_bricks":5,"minecraft:apple":34,"boh:kindness_flower":1,"scalinghealth:power_crystal_shard":1,"minecraft:iron_sword":1,"scalinghealth:heart_crystal_shard":5,"minecraft:smooth_basalt":2,"minecraft:quartz":119,"minecraft:dandelion":4,"minecraft:gravel":257,"minecraft:amethyst_shard":5,"minecraft:spruce_sapling":16,"minecraft:spruce_log":18,"travelersbackpack:wolf":1,"tacz:modern_kinetic_gun":5,"minecraft:chainmail_leggings":1,"minecraft:coal":18},"minecraft:custom":{"minecraft:interact_with_crafting_table":61,"minecraft:open_barrel":38,"minecraft:leave_game":29,"minecraft:time_since_death":6231,"minecraft:sprint_one_cm":799507,"minecraft:drop":75,"minecraft:play_time":731852,"minecraft:deaths":127,"minecraft:jump":6885,"minecraft:walk_on_water_one_cm":28654,"minecraft:interact_with_furnace":15,"minecraft:sleep_in_bed":39,"minecraft:waystone_activated":2,"tombstone:sneak_grave":4,"minecraft:damage_dealt":20475,"minecraft:crouch_one_cm":55180,"tombstone:undead_killed":28,"minecraft:interact_with_smoker":2,"minecraft:interact_with_smithing_table":1,"minecraft:mob_kills":64,"minecraft:damage_dealt_resisted":870,"minecraft:climb_one_cm":13334,"minecraft:walk_one_cm":4211487,"minecraft:damage_dealt_absorbed":1549,"minecraft:sneak_time":23547,"minecraft:walk_under_water_one_cm":15687,"minecraft:interact_with_blast_furnace":1,"minecraft:total_world_time":731852,"tombstone:raider_killed":1,"minecraft:interact_with_grindstone":1,"minecraft:interact_with_stonecutter":1,"minecraft:time_since_rest":0,"minecraft:damage_taken":42349,"minecraft:swim_one_cm":19513,"minecraft:fly_one_cm":292724,"minecraft:open_chest":225,"minecraft:fall_one_cm":140395},"minecraft:crafted":{"minecraft:oak_planks":482,"minecraft:diamond_shovel":1,"minecraft:quartz_block":16,"minecraft:diamond_helmet":1,"tombstone:grave_key":1,"minecraft:chest":3,"minecraft:golden_sword":1,"minecraft:diamond_axe":1,"minecraft:crafting_table":4,"farmersdelight:flint_knife":1,"minecraft:wooden_pickaxe":1,"minecraft:birch_planks":89,"minecraft:diamond_pickaxe":1,"minecraft:stick":18,"minecraft:iron_ingot":3,"minecraft:iron_pickaxe":2,"minecraft:andesite_stairs":8,"minecraft:iron_axe":8,"minecraft:stone_pickaxe":1,"minecraft:diamond_sword":1,"minecraft:bucket":1,"minecraft:air":1900,"minecraft:iron_shovel":8,"minecraft:torch":6,"minecraft:diamond_chestplate":1},"minecraft:killed_by":{"mutantmonsters:mutant_zombie":3,"minecraft:zombified_piglin":8,"minecraft:wither_skeleton":3,"minecraft:piglin_brute":3,"minecraft:creeper":9,"minecraft:piglin":4,"minecraft:blaze":6,"alexsmobs:soul_vulture":1,"minecraft:zombie":15,"minecraft:spider":1,"minecraft:hoglin":2,"mutantmonsters:mutant_skeleton":8,"minecraft:skeleton":54},"minecraft:killed":{"endofherobrine:silverfish":1,"minecraft:zombified_piglin":1,"minecraft:spider":2,"minecraft:skeleton":16,"minecraft:piglin":2,"mutantmonsters:mutant_skeleton":1,"minecraft:creeper":6,"boh:deer":1,"minecraft:zombie":8,"mutantmonsters:mutant_creeper":1,"minecraft:blaze":8,"minecraft:phantom":3,"minecraft:hoglin":1,"mutantmonsters:creeper_minion":2,"minecraft:wither_skeleton":1},"minecraft:used":{"minecraft:iron_shovel":2017,"create:scorchia":4,"minecraft:chest":3,"minecraft:iron_sword":119,"minecraft:green_terracotta":8,"mcwdoors:garage_white_door":9,"minecraft:tuff":47,"minecraft:snowball":4,"minecraft:azure_bluet":1,"minecraft:cyan_terracotta":57,"minecraft:lava_bucket":4,"boh:venison":4,"minecraft:birch_sapling":39,"minecraft:stone_bricks":5,"minecraft:golden_sword":30,"minecraft:oak_sapling":315,"minecraft:cooked_cod":12,"minecraft:egg":2,"minecraft:stone_pickaxe":117,"minecraft:oak_planks":1716,"minecraft:blackstone":4,"minecraft:wooden_pickaxe":58,"minecraft:sand":61,"minecraft:yellow_terracotta":4,"mutantmonsters:mutant_skeleton_skull":2,"tombstone:grave_key":94,"minecraft:iron_door":2,"minecraft:gravel":1,"minecraft:nether_wart_block":2,"minecraft:diamond_sword":160,"minecraft:birch_log":3,"minecraft:andesite":59,"minecraft:smooth_stone_slab":8,"minecraft:coarse_dirt":83,"minecraft:iron_bars":5,"minecraft:netherrack":190,"minecraft:oak_door":1,"minecraft:torch":31,"minecraft:dirt":1862,"minecraft:diamond_helmet":1,"minecraft:golden_chestplate":1,"minecraft:iron_axe":2189,"minecraft:diamond_chestplate":1,"minecraft:basalt":3,"tombstone:gift":4,"minecraft:cobbled_deepslate":462,"minecraft:calcite":32,"minecraft:water_bucket":5,"minecraft:birch_planks":68,"minecraft:red_nether_bricks":8,"minecraft:polished_blackstone_bricks":5,"create:cut_calcite_bricks":4,"minecraft:rail":2,"minecraft:crafting_table":7,"travelersbackpack:wolf":8,"minecraft:dark_oak_door":1,"minecraft:oak_log":11,"minecraft:diamond_pickaxe":1511,"minecraft:apple":18,"minecraft:diamond_shovel":20,"minecraft:oak_button":2,"minecraft:iron_pickaxe":573,"tombstone:magic_scroll":2,"minecraft:spruce_sapling":1,"minecraft:cobblestone":172,"toughasnails:purified_water_bottle":1,"minecraft:andesite_stairs":8,"minecraft:bucket":10,"alexsmobs:animal_dictionary":2,"minecraft:stripped_oak_log":3,"minecraft:smooth_stone":2},"minecraft:broken":{"minecraft:golden_helmet":1,"minecraft:iron_shovel":8,"minecraft:golden_boots":1,"minecraft:iron_boots":1,"minecraft:golden_sword":1,"minecraft:diamond_pickaxe":1,"minecraft:iron_sword":1,"minecraft:golden_chestplate":1,"minecraft:chainmail_leggings":2,"minecraft:wooden_pickaxe":1,"minecraft:iron_axe":7,"minecraft:leather_boots":1,"minecraft:iron_pickaxe":2,"minecraft:iron_helmet":1}},"DataVersion":3465}