{"stats":{"minecraft:picked_up":{"boh:spinel":20,"minecraft:enchanted_book":5,"minecraft:string":7,"mutantmonsters:mutant_skeleton_skull":2,"minecraft:raw_copper":13,"minecraft:smooth_stone_slab":9,"minecraft:smooth_stone":2,"minecraft:gold_nugget":31,"minecraft:cobbled_deepslate":462,"minecraft:bucket":1,"minecraft:redstone_torch":7,"minecraft:calcite":114,"minecraft:iron_pickaxe":2,"minecraft:stick":249,"minecraft:torch":42,"tacz:attachment":3,"tombstone:grave_dust":4,"minecraft:pointed_dripstone":2,"minecraft:golden_chestplate":1,"minecraft:green_terracotta":31,"mutantmonsters:mutant_skeleton_pelvis":1,"minecraft:rotten_flesh":29,"minecraft:cyan_terracotta":17,"minecraft:blaze_rod":1,"mutantmonsters:mutant_skeleton_shoulder_pad":1,"mcwdoors:garage_white_door":9,"minecraft:obsidian":6,"minecraft:iron_bars":134,"minecraft:snowball":6,"minecraft:cobblestone":192,"minecraft:birch_log":203,"storagedrawers:oak_full_drawers_4":3,"minecraft:andesite":72,"paraglider:spirit_orb":8,"minecraft:flint":29,"minecraft:tuff":61,"create:raw_zinc":23,"alexsmobs:rocky_shell":1,"skilltree:gem":32,"minecraft:lapis_lazuli":11,"minecraft:dirt":2272,"minecraft:bone":25,"minecraft:gray_terracotta":8,"minecraft:bow":3,"minecraft:wheat_seeds":28,"minecraft:raw_gold":20,"minecraft:oak_planks":115,"minecraft:lime_terracotta":3,"minecraft:sand":82,"minecraft:ink_sac":5,"minecraft:barrel":1,"minecraft:mossy_cobblestone":4,"travelersbackpack:white_sleeping_bag":1,"minecraft:bundle":1,"minecraft:diamond":26,"minecraft:golden_horse_armor":1,"minecraft:chainmail_helmet":1,"minecraft:oak_sapling":457,"minecraft:netherrack":345,"minecraft:cocoa_beans":1,"minecraft:diamond_pickaxe":4,"minecraft:charcoal":1,"minecraft:coarse_dirt":29,"minecraft:crafting_table":4,"minecraft:allium":12,"minecraft:azure_bluet":8,"boh:venison":4,"minecraft:iron_axe":1,"create:scorchia":4,"tacz:ammo":288,"minecraft:blackstone":4,"minecraft:cracked_stone_bricks":1,"travelersbackpack:horse":1,"minecraft:andesite_stairs":1,"farmersdelight:straw":1,"minecraft:birch_sapling":27,"minecraft:phantom_membrane":1,"minecraft:egg":2,"minecraft:raw_iron":23,"pointblank:gunmetal_nugget":117,"minecraft:polished_blackstone_bricks":5,"minecraft:redstone":38,"minecraft:arrow":60,"k_turrets:raw_titanium":1,"minecraft:yellow_terracotta":9,"mutantmonsters:mutant_skeleton_rib":3,"create:cut_calcite_bricks":1,"minecraft:saddle":1,"minecraft:gold_ingot":3,"minecraft:rail":3,"minecraft:stripped_oak_log":4,"minecraft:basalt":3,"minecraft:leather":1,"minecraft:birch_planks":11,"minecraft:oak_log":1702,"scalinghealth:bandages":2,"minecraft:golden_boots":1,"minecraft:nether_wart_block":1,"minecraft:gunpowder":13,"scalinghealth:heart_crystal":5,"farmersdelight:skillet":1,"mutantmonsters:mutant_skeleton_limb":7,"minecraft:stone_bricks":5,"minecraft:apple":34,"boh:kindness_flower":1,"artifacts:kitty_slippers":1,"scalinghealth:power_crystal_shard":1,"tombstone:bag_of_seeds":1,"minecraft:iron_sword":1,"scalinghealth:heart_crystal_shard":5,"minecraft:smooth_basalt":2,"minecraft:quartz":119,"minecraft:dandelion":4,"minecraft:gravel":307,"minecraft:amethyst_shard":5,"minecraft:spruce_sapling":16,"minecraft:spruce_log":18,"travelersbackpack:wolf":1,"tacz:modern_kinetic_gun":6,"minecraft:chainmail_leggings":1,"minecraft:melon_seeds":2,"minecraft:coal":18},"minecraft:crafted":{"minecraft:oak_planks":942,"minecraft:diamond_shovel":1,"minecraft:quartz_block":16,"minecraft:diamond_helmet":1,"tombstone:grave_key":1,"minecraft:chest":3,"minecraft:golden_sword":1,"minecraft:diamond_axe":1,"minecraft:crafting_table":4,"farmersdelight:flint_knife":1,"minecraft:wooden_pickaxe":1,"minecraft:birch_planks":89,"minecraft:diamond_pickaxe":1,"minecraft:stick":18,"minecraft:iron_ingot":3,"minecraft:iron_pickaxe":2,"minecraft:andesite_stairs":8,"minecraft:iron_axe":8,"minecraft:stone_pickaxe":1,"minecraft:diamond_sword":1,"minecraft:bucket":1,"minecraft:air":3356,"minecraft:iron_shovel":8,"minecraft:torch":6,"minecraft:diamond_chestplate":1},"minecraft:killed":{"endofherobrine:silverfish":1,"minecraft:zombified_piglin":1,"minecraft:spider":3,"minecraft:skeleton":18,"minecraft:piglin":2,"mutantmonsters:mutant_skeleton":1,"minecraft:creeper":11,"boh:deer":1,"minecraft:zombie":12,"mutantmonsters:mutant_creeper":1,"minecraft:blaze":8,"minecraft:phantom":4,"minecraft:hoglin":1,"mutantmonsters:creeper_minion":3,"minecraft:wither_skeleton":1},"minecraft:used":{"travelersbackpack:horse":1,"minecraft:iron_shovel":2017,"create:scorchia":4,"minecraft:chest":3,"minecraft:iron_sword":119,"minecraft:green_terracotta":8,"mcwdoors:garage_white_door":9,"minecraft:tuff":47,"minecraft:snowball":6,"minecraft:azure_bluet":1,"minecraft:cyan_terracotta":57,"minecraft:lava_bucket":4,"boh:venison":4,"minecraft:birch_sapling":39,"minecraft:stone_bricks":5,"minecraft:golden_sword":30,"minecraft:oak_sapling":315,"minecraft:cooked_cod":15,"minecraft:egg":2,"minecraft:stone_pickaxe":117,"minecraft:oak_planks":3389,"minecraft:blackstone":4,"minecraft:wooden_pickaxe":58,"minecraft:diamond_axe":9,"minecraft:sand":61,"minecraft:yellow_terracotta":4,"mutantmonsters:mutant_skeleton_skull":2,"tombstone:grave_key":95,"minecraft:iron_door":2,"minecraft:gravel":2,"minecraft:nether_wart_block":2,"minecraft:diamond_sword":215,"minecraft:birch_log":3,"minecraft:andesite":60,"minecraft:smooth_stone_slab":8,"minecraft:coarse_dirt":88,"minecraft:iron_bars":5,"minecraft:netherrack":190,"minecraft:oak_door":1,"minecraft:torch":36,"minecraft:dirt":2467,"minecraft:diamond_helmet":1,"minecraft:golden_chestplate":1,"minecraft:iron_axe":2232,"minecraft:diamond_chestplate":1,"minecraft:basalt":3,"tombstone:gift":4,"minecraft:cobbled_deepslate":462,"minecraft:calcite":76,"minecraft:water_bucket":5,"minecraft:birch_planks":68,"minecraft:red_nether_bricks":8,"minecraft:polished_blackstone_bricks":5,"create:cut_calcite_bricks":4,"minecraft:rail":2,"minecraft:crafting_table":7,"travelersbackpack:wolf":12,"minecraft:dark_oak_door":1,"tombstone:bag_of_seeds":1,"minecraft:oak_log":12,"minecraft:diamond_pickaxe":1596,"minecraft:apple":18,"minecraft:diamond_shovel":362,"minecraft:oak_button":2,"minecraft:iron_pickaxe":573,"tombstone:magic_scroll":2,"minecraft:spruce_sapling":1,"minecraft:cobblestone":173,"storagedrawers:oak_full_drawers_4":3,"toughasnails:purified_water_bottle":1,"minecraft:andesite_stairs":8,"minecraft:bucket":10,"alexsmobs:animal_dictionary":2,"minecraft:stripped_oak_log":4,"minecraft:smooth_stone":2},"minecraft:broken":{"minecraft:golden_helmet":1,"minecraft:iron_shovel":8,"minecraft:golden_boots":1,"minecraft:iron_boots":1,"minecraft:golden_sword":1,"minecraft:diamond_pickaxe":1,"minecraft:iron_sword":1,"minecraft:golden_chestplate":1,"minecraft:chainmail_leggings":2,"minecraft:wooden_pickaxe":1,"minecraft:iron_axe":8,"minecraft:leather_boots":1,"minecraft:iron_pickaxe":2,"minecraft:iron_helmet":1},"minecraft:killed_by":{"minecraft:zombie_villager":1,"mutantmonsters:mutant_zombie":4,"minecraft:zombified_piglin":8,"minecraft:wither_skeleton":3,"minecraft:piglin_brute":3,"minecraft:creeper":9,"minecraft:piglin":4,"minecraft:blaze":6,"alexsmobs:soul_vulture":1,"minecraft:zombie":20,"minecraft:spider":2,"minecraft:hoglin":2,"mutantmonsters:mutant_skeleton":8,"minecraft:skeleton":56},"minecraft:dropped":{"boh:kindness_flower":1,"minecraft:birch_planks":3,"alexsmobs:rocky_shell":1,"minecraft:leather":1,"minecraft:saddle":1,"minecraft:rail":1,"alexsmobs:soul_heart":1,"minecraft:dirt":65,"minecraft:gold_nugget":3,"minecraft:bone":5,"minecraft:gravel":1,"minecraft:iron_nugget":1,"alexsmobs:animal_dictionary":1,"minecraft:birch_sapling":4,"minecraft:rotten_flesh":17,"minecraft:azure_bluet":1,"travelersbackpack:white_sleeping_bag":1,"k_turrets:raw_titanium":1,"minecraft:arrow":45,"minecraft:netherrack":64,"minecraft:enchanted_book":1,"minecraft:wheat_seeds":18,"farmersdelight:skillet":1,"minecraft:cobblestone":5,"minecraft:stick":4,"minecraft:torch":6,"scalinghealth:heart_crystal":1,"skilltree:gem":1,"tacz:modern_kinetic_gun":5,"minecraft:iron_axe":2,"minecraft:string":3,"minecraft:dandelion":1,"minecraft:smooth_basalt":2,"artifacts:kitty_slippers":1,"minecraft:coarse_dirt":15,"minecraft:smooth_stone_slab":1,"minecraft:tuff":14,"farmersdelight:straw":1,"pointblank:gunmetal_nugget":1,"farmersdelight:flint_knife":2,"minecraft:allium":1,"minecraft:andesite":1,"minecraft:oak_sapling":4,"minecraft:andesite_stairs":1,"minecraft:barrel":1,"minecraft:bow":2,"minecraft:stone_pickaxe":1,"minecraft:calcite":10},"minecraft:mined":{"create:deepslate_zinc_ore":9,"minecraft:oak_sapling":49,"minecraft:andesite_stairs":2,"create:cut_calcite_bricks":1,"minecraft:obsidian":7,"minecraft:grass_block":1891,"minecraft:cracked_polished_blackstone_bricks":3,"minecraft:soul_soil":3,"minecraft:spawner":4,"minecraft:smooth_stone":2,"minecraft:polished_blackstone_bricks":6,"minecraft:weeping_vines_plant":1,"minecraft:fire":9,"minecraft:iron_ore":11,"minecraft:cobbled_deepslate":9,"mutantmonsters:mutant_skeleton_wall_skull":1,"minecraft:deepslate_lapis_ore":2,"minecraft:azure_bluet":2,"minecraft:dirt_path":3,"scalinghealth:deepslate_power_crystal_ore":1,"minecraft:iron_bars":186,"minecraft:deepslate_redstone_ore":8,"minecraft:gray_terracotta":8,"minecraft:cyan_terracotta":18,"minecraft:blackstone":3,"minecraft:crimson_nylium":1,"minecraft:soul_fire":1,"scalinghealth:deepslate_heart_crystal_ore":5,"minecraft:torch":11,"minecraft:calcite":85,"minecraft:nether_quartz_ore":88,"minecraft:cobblestone":12,"minecraft:oak_planks":112,"minecraft:wall_torch":18,"minecraft:amethyst_block":5,"minecraft:birch_sapling":8,"boh:spinel_ore_ore":20,"minecraft:nether_wart_block":5,"minecraft:birch_log":137,"minecraft:smooth_stone_slab":1,"minecraft:grass":77,"minecraft:oak_log":1694,"minecraft:lime_terracotta":3,"minecraft:sand":82,"minecraft:dirt":209,"minecraft:smooth_basalt":8,"minecraft:netherrack":758,"minecraft:oak_leaves":247,"minecraft:deepslate":428,"minecraft:yellow_terracotta":9,"create:zinc_ore":14,"minecraft:nether_gold_ore":8,"minecraft:tuff":64,"minecraft:mossy_cobblestone":4,"minecraft:deepslate_diamond_ore":26,"mcwdoors:garage_white_door":9,"minecraft:allium":7,"minecraft:spruce_leaves":8,"minecraft:andesite":79,"create:scorchia":4,"minecraft:green_terracotta":33,"minecraft:deepslate_iron_ore":12,"minecraft:stripped_oak_log":5,"minecraft:stone":168,"minecraft:soul_sand":2,"minecraft:basalt":7,"minecraft:dandelion":3,"storagedrawers:oak_full_drawers_4":1,"boh:kindness_flower":1,"minecraft:crafting_table":4,"minecraft:copper_ore":2,"minecraft:deepslate_gold_ore":13,"minecraft:birch_planks":8,"minecraft:coarse_dirt":17,"minecraft:cobblestone_wall":1,"minecraft:redstone_torch":1,"minecraft:spruce_log":18,"minecraft:birch_leaves":6,"k_turrets:titanium_ore":1,"minecraft:coal_ore":4,"minecraft:gravel":316,"minecraft:cobweb":7,"minecraft:stone_bricks":5,"minecraft:gold_ore":7},"minecraft:custom":{"minecraft:interact_with_crafting_table":61,"minecraft:open_barrel":39,"minecraft:leave_game":29,"minecraft:time_since_death":1363,"minecraft:sprint_one_cm":861324,"minecraft:drop":88,"minecraft:play_time":812154,"minecraft:deaths":137,"minecraft:jump":7552,"minecraft:walk_on_water_one_cm":28654,"minecraft:interact_with_furnace":15,"minecraft:sleep_in_bed":41,"minecraft:waystone_activated":2,"tombstone:sneak_grave":5,"minecraft:damage_dealt":23453,"minecraft:crouch_one_cm":56885,"tombstone:undead_killed":34,"minecraft:interact_with_smoker":2,"minecraft:interact_with_smithing_table":1,"minecraft:mob_kills":79,"minecraft:damage_dealt_resisted":1358,"minecraft:climb_one_cm":13564,"minecraft:walk_one_cm":4761986,"minecraft:damage_dealt_absorbed":1549,"minecraft:sneak_time":24582,"minecraft:walk_under_water_one_cm":15687,"minecraft:interact_with_blast_furnace":1,"minecraft:total_world_time":812154,"tombstone:raider_killed":1,"minecraft:interact_with_grindstone":1,"minecraft:interact_with_stonecutter":1,"minecraft:time_since_rest":1124,"minecraft:damage_taken":46281,"minecraft:swim_one_cm":19513,"minecraft:fly_one_cm":335256,"minecraft:open_chest":261,"minecraft:fall_one_cm":147404}},"DataVersion":3465}