{
	"level_seeds": [
		{
			"dim": "minecraft:the_end",
			"seed": -8406961880638958152
		},
		{
			"dim": "minecraft:overworld",
			"seed": -8406961880638958152
		},
		{
			"dim": "twilightforest:twilight_forest",
			"seed": -8406961880638958152
		},
		{
			"dim": "minecraft:the_nether",
			"seed": -8406961880638958152
		},
		{
			"dim": "lostcities:lostcity",
			"seed": -8406961880638958152
		}
	],
	"structure_seeds": [
		{
			"dim": "minecraft:the_end",
			"seed": -8406961880638958152
		},
		{
			"dim": "minecraft:overworld",
			"seed": -8406961880638958152
		},
		{
			"dim": "twilightforest:twilight_forest",
			"seed": -8406961880638958152
		},
		{
			"dim": "minecraft:the_nether",
			"seed": -8406961880638958152
		},
		{
			"dim": "lostcities:lostcity",
			"seed": -8406961880638958152
		}
	]
}